*******************************************
***COMSOL 6.3.0.290 progress output file***
*******************************************
Fri Sep 11 10:44:54 CST 2026
           当前进度:   0 % - Moving Magnet Sphere x=26 mm
Memory: 772/914 961/1280
           当前进度:   2 % - 圆柱体 2
Memory: 771/914 958/1280
           当前进度:   3 % - 圆柱体 3
Memory: 762/914 948/1280
           当前进度:   5 % - Air Domain R=200 mm
Memory: 763/914 952/1280
           当前进度:   7 % - Hole 1 Optimized
Memory: 762/914 950/1280
           当前进度:   9 % - Hole 2 Optimized
Memory: 764/914 951/1280
-          当前进度:  10 % - Hole 3 Optimized
Memory: 765/914 952/1280
-          当前进度:  12 % - point1
Memory: 766/914 952/1280
-          当前进度:  14 % - 钢片减去优化孔
Memory: 767/914 953/1280
-          当前进度:  14 % - 执行布尔操作
Memory: 770/914 955/1280
---        当前进度:  31 % - 旋转 1
Memory: 773/914 958/1280
----       当前进度:  48 % - 移动 1
Memory: 774/914 959/1280
------     当前进度:  66 % - 移动
--------   当前进度:  83 % - Form Union
--------   当前进度:  83 % - 执行布尔操作
Memory: 776/914 960/1280
---------- 当前进度: 100 % - 正在更新选择
顶点单元数：37
--         当前进度:  28 % - 正在创建边界网格
Memory: 782/914 964/1280
边单元数：481
边界单元数：4816
-------    当前进度:  73 % - 插入内部点
Memory: 783/914 964/1280
--------   当前进度:  89 % - 提高单元质量
Memory: 785/914 966/1280
---------  当前进度:  99 % - 正在定型网格
Memory: 786/914 968/1280
单元数：60636
最小单元质量：0.2012
---------- 当前进度: 100 % - 正在定型网格
Memory: 785/914 964/1280
---------- 当前进度: 100 % - 正在分析几何
Memory: 785/914 963/1280
----       当前进度:  47 % - 生成方程
Memory: 830/914 986/1280
------     当前进度:  60 % - 生成方程
Memory: 861/914 1016/1280
---        当前进度:  39 % - 生成方程
Memory: 864/914 1002/1280
-------    当前进度:  72 % - 生成方程
Memory: 832/914 965/1280
<---- 研究/解 1 (sol1) 中的“编译方程: 稳态” -----------------------------------------------
开始于 2026年9月11日 上午10:45:07。
几何形函数: 二次拉格朗日单元
在  上运行。
在以下位置使用 1 个插槽： Zifeng 上（共 8 个内核）。
可用内存：32.60 GB。
           当前进度:   0 % - 生成方程
Memory: 840/914 965/1280
在  上运行。
在以下位置使用 1 个插槽： Zifeng 上（共 8 个内核）。
可用内存：32.60 GB。
           当前进度:   3 % - 编译方程: 稳态
Memory: 845/914 955/1280
           当前进度:   5 % - 编译方程: 稳态
Memory: 847/914 955/1280
时间：1。
物理内存: 871 MB
虚拟内存: 976 MB
结束时间：2026年9月11日 上午10:45:08。
----- 研究/解 1 (sol1) 中的“编译方程: 稳态” ---------------------------------------------->
<---- 研究/解 1 (sol1) 中的“因变量 1” --------------------------------------------------
开始于 2026年9月11日 上午10:45:08。
           当前进度:   5 % - 因变量 1
Memory: 882/914 983/1280
求解时间：0 s。
物理内存: 882 MB
虚拟内存: 983 MB
结束时间：2026年9月11日 上午10:45:08。
----- 研究/解 1 (sol1) 中的“因变量 1” ------------------------------------------------->
<---- 研究/解 1 (sol1) 中的“稳态求解器 1” ------------------------------------------------
开始于 2026年9月11日 上午10:45:08。
线性求解器
求解的自由度数：81464。
找到对称矩阵。
---        当前进度:  36 % - 
Memory: 980/1012 1075/1280
缩放因变量：
磁标势 (comp1.Vm): 1
已使用正交零空间函数。
---        当前进度:  36 % - 矩阵分解
Memory: 1040/1091 1136/1280
---        当前进度:  39 % - 矩阵分解
Memory: 1112/1149 1667/1667
------     当前进度:  61 % - 矩阵分解
Memory: 1241/1241 1744/1744
-------    当前进度:  77 % - 矩阵分解
Memory: 1320/1320 1747/1747
--------   当前进度:  85 % - 矩阵分解
Memory: 1368/1368 1747/1747
--------   当前进度:  89 % - 矩阵分解
Memory: 1386/1386 1747/1747
Iter      SolEst     Damping    Stepsize #Res #Jac #Sol   LinErr   LinRes
   1        0.96   1.0000000        0.96    1    1    1  6.4e-12  1.8e-14
---------- 当前进度: 100 % - 求解线性方程组
Memory: 963/1394 1230/1752
求解时间：3 s。
物理内存: 1.39 GB
虚拟内存: 1.75 GB
结束时间：2026年9月11日 上午10:45:11。
----- 研究/解 1 (sol1) 中的“稳态求解器 1” ----------------------------------------------->
------     当前进度:  60 % - 生成方程
Memory: 991/1394 1239/1752
---        当前进度:  39 % - 生成方程
Memory: 997/1394 1238/1752
<---- 研究 2/解 2 (sol2) 中的“编译方程: 稳态” ---------------------------------------------
开始于 2026年9月11日 上午10:45:13。
几何形函数: 二次拉格朗日单元
在  上运行。
在以下位置使用 1 个插槽： Zifeng 上（共 8 个内核）。
可用内存：32.60 GB。
           当前进度:   0 % - 生成方程
Memory: 1022/1394 1330/1752
在  上运行。
在以下位置使用 1 个插槽： Zifeng 上（共 8 个内核）。
可用内存：32.60 GB。
           当前进度:   5 % - 编译方程: 稳态
Memory: 1103/1394 1341/1752
时间：1。
物理内存: 1.1 GB
虚拟内存: 1.34 GB
结束时间：2026年9月11日 上午10:45:14。
----- 研究 2/解 2 (sol2) 中的“编译方程: 稳态” -------------------------------------------->
<---- 研究 2/解 2 (sol2) 中的“因变量 1” ------------------------------------------------
开始于 2026年9月11日 上午10:45:14。
           当前进度:   5 % - 因变量 1
Memory: 1099/1394 1335/1752
求解时间：0 s。
物理内存: 1.1 GB
虚拟内存: 1.34 GB
结束时间：2026年9月11日 上午10:45:14。
----- 研究 2/解 2 (sol2) 中的“因变量 1” ----------------------------------------------->
<---- 研究 2/解 2 (sol2) 中的“稳态求解器 1” ----------------------------------------------
开始于 2026年9月11日 上午10:45:14。
线性求解器
求解的自由度数：81464。
找到对称矩阵。
缩放因变量：
磁标势 (comp1.Vm): 1
已使用正交零空间函数。
---        当前进度:  36 % - 矩阵分解
Memory: 1149/1394 1388/1752
----       当前进度:  45 % - 矩阵分解
Memory: 1301/1394 1873/1873
------     当前进度:  65 % - 矩阵分解
Memory: 1419/1419 1873/1873
-------    当前进度:  77 % - 矩阵分解
Memory: 1482/1482 1873/1873
--------   当前进度:  86 % - 矩阵分解
Memory: 1527/1527 1873/1873
---------  当前进度:  90 % - 矩阵分解
Memory: 1520/1548 1846/1909
Iter      SolEst     Damping    Stepsize #Res #Jac #Sol   LinErr   LinRes
   1        0.96   1.0000000        0.96    1    1    1  1.2e-11  1.7e-14
---------- 当前进度: 100 % - 求解线性方程组
Memory: 1092/1548 1327/1909
求解时间：2 s。
物理内存: 1.55 GB
虚拟内存: 1.91 GB
结束时间：2026年9月11日 上午10:45:16。
----- 研究 2/解 2 (sol2) 中的“稳态求解器 1” --------------------------------------------->
----       当前进度:  47 % - 生成方程
Memory: 1111/1548 1345/1909
-----      当前进度:  54 % - 生成方程
Memory: 1116/1548 1347/1909
<---- 研究 3/解 3 (sol3) 中的“编译方程: 稳态” ---------------------------------------------
开始于 2026年9月11日 上午10:45:18。
几何形函数: 二次拉格朗日单元
在  上运行。
在以下位置使用 1 个插槽： Zifeng 上（共 8 个内核）。
可用内存：32.60 GB。
           当前进度:   0 % - 生成方程
Memory: 1113/1548 1344/1909
在  上运行。
在以下位置使用 1 个插槽： Zifeng 上（共 8 个内核）。
可用内存：32.60 GB。
           当前进度:   5 % - 编译方程: 稳态
Memory: 1133/1548 1364/1909
时间：1。
物理内存: 1.13 GB
虚拟内存: 1.36 GB
结束时间：2026年9月11日 上午10:45:19。
----- 研究 3/解 3 (sol3) 中的“编译方程: 稳态” -------------------------------------------->
<---- 研究 3/解 3 (sol3) 中的“因变量 1” ------------------------------------------------
开始于 2026年9月11日 上午10:45:19。
           当前进度:   5 % - 因变量 1
Memory: 1132/1548 1363/1909
求解时间：0 s。
物理内存: 1.13 GB
虚拟内存: 1.36 GB
结束时间：2026年9月11日 上午10:45:19。
----- 研究 3/解 3 (sol3) 中的“因变量 1” ----------------------------------------------->
<---- 研究 3/解 3 (sol3) 中的“稳态求解器 1” ----------------------------------------------
开始于 2026年9月11日 上午10:45:19。
线性求解器
求解的自由度数：81464。
找到对称矩阵。
缩放因变量：
磁标势 (comp1.Vm): 1
已使用正交零空间函数。
---        当前进度:  36 % - 矩阵分解
Memory: 1215/1548 1477/1909
-----      当前进度:  52 % - 矩阵分解
Memory: 1351/1548 1884/1909
-------    当前进度:  71 % - 矩阵分解
Memory: 1454/1548 1884/1909
--------   当前进度:  81 % - 矩阵分解
Memory: 1511/1548 1885/1909
--------   当前进度:  87 % - 矩阵分解
Memory: 1542/1548 1884/1909
Iter      SolEst     Damping    Stepsize #Res #Jac #Sol   LinErr   LinRes
---------- 当前进度: 100 % - 求解线性方程组
Memory: 1552/1552 1888/1909
   1        0.96   1.0000000        0.96    1    1    1  1.7e-11  1.7e-14
求解时间：2 s。
物理内存: 1.55 GB
虚拟内存: 1.89 GB
结束时间：2026年9月11日 上午10:45:21。
----- 研究 3/解 3 (sol3) 中的“稳态求解器 1” --------------------------------------------->
----       当前进度:  47 % - 生成方程
Memory: 1142/1552 1383/1909
-------    当前进度:  72 % - 生成方程
Memory: 1140/1552 1381/1909
<---- 研究 4/解 4 (sol4) 中的“编译方程: 稳态” ---------------------------------------------
开始于 2026年9月11日 上午10:45:22。
几何形函数: 二次拉格朗日单元
在  上运行。
在以下位置使用 1 个插槽： Zifeng 上（共 8 个内核）。
可用内存：32.60 GB。
           当前进度:   0 % - 生成方程
Memory: 1097/1552 1347/1909
在  上运行。
在以下位置使用 1 个插槽： Zifeng 上（共 8 个内核）。
可用内存：32.60 GB。
           当前进度:   5 % - 编译方程: 稳态
Memory: 1125/1552 1371/1909
时间：1。
物理内存: 1.13 GB
虚拟内存: 1.37 GB
结束时间：2026年9月11日 上午10:45:23。
----- 研究 4/解 4 (sol4) 中的“编译方程: 稳态” -------------------------------------------->
<---- 研究 4/解 4 (sol4) 中的“因变量 1” ------------------------------------------------
开始于 2026年9月11日 上午10:45:23。
           当前进度:   5 % - 因变量 1
Memory: 1124/1552 1369/1909
求解时间：0 s。
物理内存: 1.13 GB
虚拟内存: 1.37 GB
结束时间：2026年9月11日 上午10:45:23。
----- 研究 4/解 4 (sol4) 中的“因变量 1” ----------------------------------------------->
<---- 研究 4/解 4 (sol4) 中的“稳态求解器 1” ----------------------------------------------
开始于 2026年9月11日 上午10:45:23。
线性求解器
求解的自由度数：81464。
找到对称矩阵。
缩放因变量：
磁标势 (comp1.Vm): 1
已使用正交零空间函数。
---        当前进度:  36 % - 矩阵分解
Memory: 1260/1552 1504/1909
-----      当前进度:  57 % - 矩阵分解
Memory: 1398/1552 1906/1909
-------    当前进度:  74 % - 矩阵分解
Memory: 1493/1552 1906/1909
--------   当前进度:  83 % - 矩阵分解
Memory: 1541/1552 1906/1909
--------   当前进度:  88 % - 矩阵分解
Memory: 1568/1568 1906/1909
Iter      SolEst     Damping    Stepsize #Res #Jac #Sol   LinErr   LinRes
   1        0.96   1.0000000        0.96    1    1    1  1.2e-11  1.8e-14
---------- 当前进度: 100 % - 求解线性方程组
Memory: 1574/1578 1907/1911
求解时间：2 s。
物理内存: 1.58 GB
虚拟内存: 1.91 GB
结束时间：2026年9月11日 上午10:45:25。
----- 研究 4/解 4 (sol4) 中的“稳态求解器 1” --------------------------------------------->
           当前进度:   0 % - 
Memory: 1128/1578 1367/1911
-------    当前进度:  72 % - 生成方程
Memory: 1131/1578 1369/1911
<---- 研究 5/解 5 (sol5) 中的“编译方程: 稳态” ---------------------------------------------
开始于 2026年9月11日 上午10:45:26。
几何形函数: 二次拉格朗日单元
在  上运行。
在以下位置使用 1 个插槽： Zifeng 上（共 8 个内核）。
可用内存：32.60 GB。
           当前进度:   0 % - 编译方程: 稳态
Memory: 1096/1578 1335/1911
在  上运行。
在以下位置使用 1 个插槽： Zifeng 上（共 8 个内核）。
可用内存：32.60 GB。
           当前进度:   5 % - 编译方程: 稳态
Memory: 1122/1578 1362/1911
时间：1。
物理内存: 1.13 GB
虚拟内存: 1.36 GB
结束时间：2026年9月11日 上午10:45:27。
----- 研究 5/解 5 (sol5) 中的“编译方程: 稳态” -------------------------------------------->
<---- 研究 5/解 5 (sol5) 中的“因变量 1” ------------------------------------------------
开始于 2026年9月11日 上午10:45:27。
           当前进度:   5 % - 因变量 1
Memory: 1125/1578 1364/1911
求解时间：0 s。
物理内存: 1.13 GB
虚拟内存: 1.36 GB
结束时间：2026年9月11日 上午10:45:27。
----- 研究 5/解 5 (sol5) 中的“因变量 1” ----------------------------------------------->
<---- 研究 5/解 5 (sol5) 中的“稳态求解器 1” ----------------------------------------------
开始于 2026年9月11日 上午10:45:27。
线性求解器
求解的自由度数：81464。
找到对称矩阵。
缩放因变量：
磁标势 (comp1.Vm): 1
已使用正交零空间函数。
---        当前进度:  36 % - 矩阵分解
Memory: 1240/1578 1513/1911
-----      当前进度:  52 % - 矩阵分解
Memory: 1319/1578 1851/1911
-------    当前进度:  70 % - 矩阵分解
Memory: 1425/1578 1851/1911
--------   当前进度:  81 % - 矩阵分解
Memory: 1480/1578 1851/1911
--------   当前进度:  88 % - 矩阵分解
Memory: 1513/1578 1851/1911
Iter      SolEst     Damping    Stepsize #Res #Jac #Sol   LinErr   LinRes
---------- 当前进度: 100 % - 求解线性方程组
Memory: 1524/1578 1855/1911
   1        0.95   1.0000000        0.95    1    1    1  1.6e-12  1.7e-14
求解时间：2 s。
物理内存: 1.52 GB
虚拟内存: 1.86 GB
结束时间：2026年9月11日 上午10:45:29。
----- 研究 5/解 5 (sol5) 中的“稳态求解器 1” --------------------------------------------->
           当前进度:   0 % - 
Memory: 1140/1578 1378/1911
<---- 研究 6/解 6 (sol6) 中的“编译方程: 稳态” ---------------------------------------------
开始于 2026年9月11日 上午10:45:30。
几何形函数: 二次拉格朗日单元
在  上运行。
在以下位置使用 1 个插槽： Zifeng 上（共 8 个内核）。
可用内存：32.60 GB。
           当前进度:   0 % - 编译方程: 稳态
Memory: 1144/1578 1383/1911
在  上运行。
在以下位置使用 1 个插槽： Zifeng 上（共 8 个内核）。
可用内存：32.60 GB。
           当前进度:   5 % - 编译方程: 稳态
Memory: 1147/1578 1386/1911
时间：1。
物理内存: 1.15 GB
虚拟内存: 1.39 GB
结束时间：2026年9月11日 上午10:45:30。
----- 研究 6/解 6 (sol6) 中的“编译方程: 稳态” -------------------------------------------->
<---- 研究 6/解 6 (sol6) 中的“因变量 1” ------------------------------------------------
开始于 2026年9月11日 上午10:45:30。
           当前进度:   5 % - 因变量 1
求解时间：0 s。
物理内存: 1.15 GB
虚拟内存: 1.39 GB
结束时间：2026年9月11日 上午10:45:30。
----- 研究 6/解 6 (sol6) 中的“因变量 1” ----------------------------------------------->
<---- 研究 6/解 6 (sol6) 中的“稳态求解器 1” ----------------------------------------------
开始于 2026年9月11日 上午10:45:30。
线性求解器
求解的自由度数：81464。
找到对称矩阵。
缩放因变量：
磁标势 (comp1.Vm): 1
已使用正交零空间函数。
---        当前进度:  36 % - 矩阵分解
Memory: 1271/1578 1525/1911
-----      当前进度:  59 % - 矩阵分解
Memory: 1421/1578 1915/1915
-------    当前进度:  76 % - 矩阵分解
Memory: 1514/1578 1916/1916
--------   当前进度:  84 % - 矩阵分解
Memory: 1561/1578 1916/1916
--------   当前进度:  89 % - 矩阵分解
Memory: 1492/1578 1825/1916
Iter      SolEst     Damping    Stepsize #Res #Jac #Sol   LinErr   LinRes
   1        0.95   1.0000000        0.95    1    1    1    9e-12  1.8e-14
---------- 当前进度: 100 % - 求解线性方程组
Memory: 1122/1578 1618/1916
求解时间：2 s。
物理内存: 1.56 GB
虚拟内存: 1.92 GB
结束时间：2026年9月11日 上午10:45:33。
----- 研究 6/解 6 (sol6) 中的“稳态求解器 1” --------------------------------------------->
           当前进度:   0 % - 
Memory: 1117/1578 1358/1916
<---- 研究 7/解 7 (sol7) 中的“编译方程: 稳态” ---------------------------------------------
开始于 2026年9月11日 上午10:45:34。
几何形函数: 二次拉格朗日单元
在  上运行。
在以下位置使用 1 个插槽： Zifeng 上（共 8 个内核）。
可用内存：32.60 GB。
           当前进度:   0 % - 编译方程: 稳态
Memory: 1127/1578 1370/1916
在  上运行。
在以下位置使用 1 个插槽： Zifeng 上（共 8 个内核）。
可用内存：32.60 GB。
           当前进度:   5 % - 编译方程: 稳态
Memory: 1135/1578 1377/1916
时间：1。
物理内存: 1.14 GB
虚拟内存: 1.38 GB
结束时间：2026年9月11日 上午10:45:34。
----- 研究 7/解 7 (sol7) 中的“编译方程: 稳态” -------------------------------------------->
<---- 研究 7/解 7 (sol7) 中的“因变量 1” ------------------------------------------------
开始于 2026年9月11日 上午10:45:34。
           当前进度:   5 % - 因变量 1
Memory: 1137/1578 1378/1916
求解时间：0 s。
物理内存: 1.14 GB
虚拟内存: 1.38 GB
结束时间：2026年9月11日 上午10:45:34。
----- 研究 7/解 7 (sol7) 中的“因变量 1” ----------------------------------------------->
<---- 研究 7/解 7 (sol7) 中的“稳态求解器 1” ----------------------------------------------
开始于 2026年9月11日 上午10:45:34。
线性求解器
求解的自由度数：81464。
找到对称矩阵。
缩放因变量：
磁标势 (comp1.Vm): 1
已使用正交零空间函数。
---        当前进度:  36 % - 矩阵分解
Memory: 1277/1578 1522/1916
-----      当前进度:  57 % - 矩阵分解
Memory: 1408/1578 1916/1916
-------    当前进度:  76 % - 矩阵分解
Memory: 1514/1578 1916/1916
--------   当前进度:  82 % - 矩阵分解
Memory: 1556/1578 1917/1917
--------   当前进度:  88 % - 矩阵分解
Memory: 1581/1581 1917/1917
Iter      SolEst     Damping    Stepsize #Res #Jac #Sol   LinErr   LinRes
   1        0.95   1.0000000        0.95    1    1    1  1.4e-11  1.8e-14
---------- 当前进度: 100 % - 求解线性方程组
Memory: 1587/1587 1917/1917
求解时间：2 s。
物理内存: 1.59 GB
虚拟内存: 1.92 GB
结束时间：2026年9月11日 上午10:45:36。
----- 研究 7/解 7 (sol7) 中的“稳态求解器 1” --------------------------------------------->
           当前进度:   0 % - 
Memory: 1157/1587 1396/1917
<---- 研究 8/解 8 (sol8) 中的“编译方程: 稳态” ---------------------------------------------
开始于 2026年9月11日 上午10:45:38。
几何形函数: 二次拉格朗日单元
在  上运行。
在以下位置使用 1 个插槽： Zifeng 上（共 8 个内核）。
可用内存：32.60 GB。
           当前进度:   0 % - 编译方程: 稳态
Memory: 1160/1587 1399/1917
在  上运行。
在以下位置使用 1 个插槽： Zifeng 上（共 8 个内核）。
可用内存：32.60 GB。
           当前进度:   5 % - 编译方程: 稳态
时间：1。
物理内存: 1.16 GB
虚拟内存: 1.4 GB
结束时间：2026年9月11日 上午10:45:38。
----- 研究 8/解 8 (sol8) 中的“编译方程: 稳态” -------------------------------------------->
<---- 研究 8/解 8 (sol8) 中的“因变量 1” ------------------------------------------------
开始于 2026年9月11日 上午10:45:38。
           当前进度:   5 % - 因变量 1
求解时间：0 s。
物理内存: 1.16 GB
虚拟内存: 1.4 GB
结束时间：2026年9月11日 上午10:45:38。
----- 研究 8/解 8 (sol8) 中的“因变量 1” ----------------------------------------------->
<---- 研究 8/解 8 (sol8) 中的“稳态求解器 1” ----------------------------------------------
开始于 2026年9月11日 上午10:45:38。
线性求解器
求解的自由度数：81464。
找到对称矩阵。
缩放因变量：
磁标势 (comp1.Vm): 1
已使用正交零空间函数。
---        当前进度:  36 % - 矩阵分解
Memory: 1295/1587 1534/1917
-----      当前进度:  57 % - 矩阵分解
Memory: 1427/1587 1926/1926
-------    当前进度:  76 % - 矩阵分解
Memory: 1527/1587 1927/1927
--------   当前进度:  83 % - 矩阵分解
Memory: 1572/1587 1927/1927
--------   当前进度:  89 % - 矩阵分解
Memory: 1597/1597 1927/1927
Iter      SolEst     Damping    Stepsize #Res #Jac #Sol   LinErr   LinRes
   1        0.95   1.0000000        0.95    1    1    1  4.9e-12  1.8e-14
---------- 当前进度: 100 % - 求解线性方程组
Memory: 1220/1601 1732/1927
求解时间：2 s。
物理内存: 1.6 GB
虚拟内存: 1.93 GB
结束时间：2026年9月11日 上午10:45:40。
----- 研究 8/解 8 (sol8) 中的“稳态求解器 1” --------------------------------------------->
           当前进度:   0 % - 
Memory: 1171/1601 1405/1927
<---- 研究 9/解 9 (sol9) 中的“编译方程: 稳态” ---------------------------------------------
开始于 2026年9月11日 上午10:45:41。
几何形函数: 二次拉格朗日单元
在  上运行。
在以下位置使用 1 个插槽： Zifeng 上（共 8 个内核）。
可用内存：32.60 GB。
           当前进度:   0 % - 编译方程: 稳态
Memory: 1095/1601 1329/1927
在  上运行。
在以下位置使用 1 个插槽： Zifeng 上（共 8 个内核）。
可用内存：32.60 GB。
           当前进度:   5 % - 编译方程: 稳态
Memory: 1125/1601 1360/1927
时间：1。
物理内存: 1.13 GB
虚拟内存: 1.36 GB
结束时间：2026年9月11日 上午10:45:42。
----- 研究 9/解 9 (sol9) 中的“编译方程: 稳态” -------------------------------------------->
<---- 研究 9/解 9 (sol9) 中的“因变量 1” ------------------------------------------------
开始于 2026年9月11日 上午10:45:42。
           当前进度:   5 % - 因变量 1
Memory: 1126/1601 1360/1927
求解时间：0 s。
物理内存: 1.13 GB
虚拟内存: 1.36 GB
结束时间：2026年9月11日 上午10:45:42。
----- 研究 9/解 9 (sol9) 中的“因变量 1” ----------------------------------------------->
<---- 研究 9/解 9 (sol9) 中的“稳态求解器 1” ----------------------------------------------
开始于 2026年9月11日 上午10:45:42。
线性求解器
求解的自由度数：81464。
找到对称矩阵。
缩放因变量：
磁标势 (comp1.Vm): 1
已使用正交零空间函数。
---        当前进度:  36 % - 矩阵分解
Memory: 1215/1601 1467/1927
-----      当前进度:  55 % - 矩阵分解
Memory: 1353/1601 1866/1927
-------    当前进度:  74 % - 矩阵分解
Memory: 1457/1601 1866/1927
--------   当前进度:  83 % - 矩阵分解
Memory: 1507/1601 1866/1927
--------   当前进度:  88 % - 矩阵分解
Memory: 1532/1601 1866/1927
Iter      SolEst     Damping    Stepsize #Res #Jac #Sol   LinErr   LinRes
   1        0.95   1.0000000        0.95    1    1    1  1.4e-11  1.8e-14
---------- 当前进度: 100 % - 求解线性方程组
Memory: 1454/1601 1739/1927
求解时间：2 s。
物理内存: 1.53 GB
虚拟内存: 1.87 GB
结束时间：2026年9月11日 上午10:45:44。
----- 研究 9/解 9 (sol9) 中的“稳态求解器 1” --------------------------------------------->
           当前进度:   0 % - 
Memory: 1142/1601 1377/1927
<---- 研究 10/解 10 (sol10) 中的“编译方程: 稳态” ------------------------------------------
开始于 2026年9月11日 上午10:45:45。
几何形函数: 二次拉格朗日单元
在  上运行。
在以下位置使用 1 个插槽： Zifeng 上（共 8 个内核）。
可用内存：32.60 GB。
           当前进度:   0 % - 编译方程: 稳态
Memory: 1145/1601 1382/1927
在  上运行。
在以下位置使用 1 个插槽： Zifeng 上（共 8 个内核）。
可用内存：32.60 GB。
           当前进度:   5 % - 编译方程: 稳态
Memory: 1149/1601 1385/1927
时间：1。
物理内存: 1.15 GB
虚拟内存: 1.38 GB
结束时间：2026年9月11日 上午10:45:46。
----- 研究 10/解 10 (sol10) 中的“编译方程: 稳态” ----------------------------------------->
<---- 研究 10/解 10 (sol10) 中的“因变量 1” ---------------------------------------------
开始于 2026年9月11日 上午10:45:46。
           当前进度:   5 % - 因变量 1
Memory: 1157/1601 1395/1927
求解时间：0 s。
物理内存: 1.16 GB
虚拟内存: 1.39 GB
结束时间：2026年9月11日 上午10:45:46。
----- 研究 10/解 10 (sol10) 中的“因变量 1” -------------------------------------------->
<---- 研究 10/解 10 (sol10) 中的“稳态求解器 1” -------------------------------------------
开始于 2026年9月11日 上午10:45:46。
线性求解器
求解的自由度数：81464。
找到对称矩阵。
缩放因变量：
磁标势 (comp1.Vm): 1
已使用正交零空间函数。
---        当前进度:  36 % - 矩阵分解
Memory: 1295/1601 1535/1927
-----      当前进度:  57 % - 矩阵分解
Memory: 1424/1601 1927/1927
-------    当前进度:  74 % - 矩阵分解
Memory: 1524/1601 1927/1927
--------   当前进度:  82 % - 矩阵分解
Memory: 1573/1601 1927/1927
--------   当前进度:  89 % - 矩阵分解
Memory: 1598/1601 1927/1927
Iter      SolEst     Damping    Stepsize #Res #Jac #Sol   LinErr   LinRes
   1        0.95   1.0000000        0.95    1    1    1  2.8e-12  1.8e-14
---------- 当前进度: 100 % - 求解线性方程组
Memory: 1603/1603 1927/1927
求解时间：2 s。
物理内存: 1.6 GB
虚拟内存: 1.93 GB
结束时间：2026年9月11日 上午10:45:48。
----- 研究 10/解 10 (sol10) 中的“稳态求解器 1” ------------------------------------------>
           当前进度:   0 % - 
Memory: 1167/1603 1400/1927
<---- 研究 11/解 11 (sol11) 中的“编译方程: 稳态” ------------------------------------------
开始于 2026年9月11日 上午10:45:50。
几何形函数: 二次拉格朗日单元
在  上运行。
在以下位置使用 1 个插槽： Zifeng 上（共 8 个内核）。
可用内存：32.60 GB。
           当前进度:   0 % - 编译方程: 稳态
Memory: 1168/1603 1401/1927
在  上运行。
在以下位置使用 1 个插槽： Zifeng 上（共 8 个内核）。
可用内存：32.60 GB。
           当前进度:   5 % - 编译方程: 稳态
时间：1。
物理内存: 1.17 GB
虚拟内存: 1.4 GB
结束时间：2026年9月11日 上午10:45:50。
----- 研究 11/解 11 (sol11) 中的“编译方程: 稳态” ----------------------------------------->
<---- 研究 11/解 11 (sol11) 中的“因变量 1” ---------------------------------------------
开始于 2026年9月11日 上午10:45:50。
           当前进度:   5 % - 因变量 1
求解时间：0 s。
物理内存: 1.17 GB
虚拟内存: 1.4 GB
结束时间：2026年9月11日 上午10:45:50。
----- 研究 11/解 11 (sol11) 中的“因变量 1” -------------------------------------------->
<---- 研究 11/解 11 (sol11) 中的“稳态求解器 1” -------------------------------------------
开始于 2026年9月11日 上午10:45:50。
线性求解器
求解的自由度数：81464。
找到对称矩阵。
缩放因变量：
磁标势 (comp1.Vm): 1
已使用正交零空间函数。
---        当前进度:  36 % - 矩阵分解
Memory: 1301/1603 1532/1927
-----      当前进度:  57 % - 矩阵分解
Memory: 1431/1603 1924/1927
-------    当前进度:  75 % - 矩阵分解
Memory: 1530/1603 1924/1927
--------   当前进度:  83 % - 矩阵分解
Memory: 1577/1603 1924/1927
--------   当前进度:  88 % - 矩阵分解
Memory: 1602/1603 1924/1927
Iter      SolEst     Damping    Stepsize #Res #Jac #Sol   LinErr   LinRes
   1        0.95   1.0000000        0.95    1    1    1  6.6e-12  1.8e-14
---------- 当前进度: 100 % - 求解线性方程组
Memory: 1270/1610 1729/1927
求解时间：2 s。
物理内存: 1.61 GB
虚拟内存: 1.92 GB
结束时间：2026年9月11日 上午10:45:53。
----- 研究 11/解 11 (sol11) 中的“稳态求解器 1” ------------------------------------------>
           当前进度:   0 % - 
Memory: 1172/1610 1398/1927
<---- 研究 12/解 12 (sol12) 中的“编译方程: 稳态” ------------------------------------------
开始于 2026年9月11日 上午10:45:54。
几何形函数: 二次拉格朗日单元
在  上运行。
在以下位置使用 1 个插槽： Zifeng 上（共 8 个内核）。
可用内存：32.60 GB。
           当前进度:   0 % - 编译方程: 稳态
Memory: 1081/1610 1313/1927
在  上运行。
在以下位置使用 1 个插槽： Zifeng 上（共 8 个内核）。
可用内存：32.60 GB。
           当前进度:   5 % - 编译方程: 稳态
Memory: 1117/1610 1349/1927
时间：1。
物理内存: 1.12 GB
虚拟内存: 1.35 GB
结束时间：2026年9月11日 上午10:45:55。
----- 研究 12/解 12 (sol12) 中的“编译方程: 稳态” ----------------------------------------->
<---- 研究 12/解 12 (sol12) 中的“因变量 1” ---------------------------------------------
开始于 2026年9月11日 上午10:45:55。
           当前进度:   5 % - 因变量 1
Memory: 1121/1610 1352/1927
求解时间：0 s。
物理内存: 1.12 GB
虚拟内存: 1.35 GB
结束时间：2026年9月11日 上午10:45:55。
----- 研究 12/解 12 (sol12) 中的“因变量 1” -------------------------------------------->
<---- 研究 12/解 12 (sol12) 中的“稳态求解器 1” -------------------------------------------
开始于 2026年9月11日 上午10:45:55。
线性求解器
求解的自由度数：81464。
找到对称矩阵。
缩放因变量：
磁标势 (comp1.Vm): 1
已使用正交零空间函数。
---        当前进度:  36 % - 矩阵分解
Memory: 1236/1610 1494/1927
-----      当前进度:  55 % - 矩阵分解
Memory: 1399/1610 1898/1927
-------    当前进度:  74 % - 矩阵分解
Memory: 1503/1610 1898/1927
--------   当前进度:  83 % - 矩阵分解
Memory: 1549/1610 1898/1927
--------   当前进度:  88 % - 矩阵分解
Memory: 1577/1610 1898/1927
Iter      SolEst     Damping    Stepsize #Res #Jac #Sol   LinErr   LinRes
   1        0.95   1.0000000        0.95    1    1    1    2e-11  1.8e-14
---------- 当前进度: 100 % - 求解线性方程组
Memory: 1309/1610 1705/1927
求解时间：2 s。
物理内存: 1.58 GB
虚拟内存: 1.9 GB
结束时间：2026年9月11日 上午10:45:57。
----- 研究 12/解 12 (sol12) 中的“稳态求解器 1” ------------------------------------------>
           当前进度:   0 % - 
Memory: 1151/1610 1378/1927
<---- 研究 13/解 13 (sol13) 中的“编译方程: 稳态” ------------------------------------------
开始于 2026年9月11日 上午10:45:58。
几何形函数: 二次拉格朗日单元
在  上运行。
在以下位置使用 1 个插槽： Zifeng 上（共 8 个内核）。
可用内存：32.60 GB。
           当前进度:   0 % - 编译方程: 稳态
Memory: 1157/1610 1384/1927
在  上运行。
在以下位置使用 1 个插槽： Zifeng 上（共 8 个内核）。
可用内存：32.60 GB。
           当前进度:   5 % - 编译方程: 稳态
Memory: 1158/1610 1384/1927
时间：1。
物理内存: 1.16 GB
虚拟内存: 1.39 GB
结束时间：2026年9月11日 上午10:45:58。
----- 研究 13/解 13 (sol13) 中的“编译方程: 稳态” ----------------------------------------->
<---- 研究 13/解 13 (sol13) 中的“因变量 1” ---------------------------------------------
开始于 2026年9月11日 上午10:45:58。
           当前进度:   5 % - 因变量 1
Memory: 1158/1610 1385/1927
求解时间：0 s。
物理内存: 1.16 GB
虚拟内存: 1.38 GB
结束时间：2026年9月11日 上午10:45:58。
----- 研究 13/解 13 (sol13) 中的“因变量 1” -------------------------------------------->
<---- 研究 13/解 13 (sol13) 中的“稳态求解器 1” -------------------------------------------
开始于 2026年9月11日 上午10:45:58。
线性求解器
求解的自由度数：81464。
找到对称矩阵。
---        当前进度:  36 % - 
Memory: 1185/1610 1411/1927
缩放因变量：
磁标势 (comp1.Vm): 1
已使用正交零空间函数。
---        当前进度:  36 % - 矩阵分解
Memory: 1310/1610 1580/1927
----       当前进度:  49 % - 矩阵分解
Memory: 1377/1610 1910/1927
-------    当前进度:  70 % - 矩阵分解
Memory: 1496/1610 1910/1927
--------   当前进度:  81 % - 矩阵分解
Memory: 1554/1610 1910/1927
--------   当前进度:  87 % - 矩阵分解
Memory: 1588/1610 1910/1927
Iter      SolEst     Damping    Stepsize #Res #Jac #Sol   LinErr   LinRes
---------- 当前进度: 100 % - 求解线性方程组
Memory: 1596/1610 1912/1927
   1        0.95   1.0000000        0.95    1    1    1  6.2e-12  1.8e-14
求解时间：2 s。
物理内存: 1.6 GB
虚拟内存: 1.91 GB
结束时间：2026年9月11日 上午10:46:01。
----- 研究 13/解 13 (sol13) 中的“稳态求解器 1” ------------------------------------------>
           当前进度:   0 % - 
Memory: 1161/1610 1386/1927
<---- 研究 14/解 14 (sol14) 中的“编译方程: 稳态” ------------------------------------------
开始于 2026年9月11日 上午10:46:02。
几何形函数: 二次拉格朗日单元
在  上运行。
在以下位置使用 1 个插槽： Zifeng 上（共 8 个内核）。
可用内存：32.60 GB。
           当前进度:   0 % - 编译方程: 稳态
Memory: 1164/1610 1389/1927
在  上运行。
在以下位置使用 1 个插槽： Zifeng 上（共 8 个内核）。
可用内存：32.60 GB。
           当前进度:   5 % - 编译方程: 稳态
Memory: 1167/1610 1392/1927
时间：1。
物理内存: 1.17 GB
虚拟内存: 1.39 GB
结束时间：2026年9月11日 上午10:46:02。
----- 研究 14/解 14 (sol14) 中的“编译方程: 稳态” ----------------------------------------->
<---- 研究 14/解 14 (sol14) 中的“因变量 1” ---------------------------------------------
开始于 2026年9月11日 上午10:46:02。
           当前进度:   5 % - 因变量 1
Memory: 1172/1610 1398/1927
求解时间：0 s。
物理内存: 1.17 GB
虚拟内存: 1.4 GB
结束时间：2026年9月11日 上午10:46:02。
----- 研究 14/解 14 (sol14) 中的“因变量 1” -------------------------------------------->
<---- 研究 14/解 14 (sol14) 中的“稳态求解器 1” -------------------------------------------
开始于 2026年9月11日 上午10:46:03。
线性求解器
求解的自由度数：81464。
找到对称矩阵。
缩放因变量：
磁标势 (comp1.Vm): 1
已使用正交零空间函数。
---        当前进度:  36 % - 矩阵分解
Memory: 1307/1610 1538/1927
-----      当前进度:  53 % - 矩阵分解
Memory: 1419/1610 1927/1927
-------    当前进度:  73 % - 矩阵分解
Memory: 1526/1610 1927/1927
--------   当前进度:  81 % - 矩阵分解
Memory: 1577/1610 1927/1927
--------   当前进度:  88 % - 矩阵分解
Memory: 1606/1610 1927/1927
Iter      SolEst     Damping    Stepsize #Res #Jac #Sol   LinErr   LinRes
---------- 当前进度: 100 % - 求解线性方程组
Memory: 1612/1612 1927/1927
   1        0.95   1.0000000        0.95    1    1    1  2.1e-11  1.7e-14
求解时间：3 s。
物理内存: 1.61 GB
虚拟内存: 1.93 GB
结束时间：2026年9月11日 上午10:46:05。
----- 研究 14/解 14 (sol14) 中的“稳态求解器 1” ------------------------------------------>
           当前进度:   0 % - 
Memory: 1179/1612 1405/1927
<---- 研究 15/解 15 (sol15) 中的“编译方程: 稳态” ------------------------------------------
开始于 2026年9月11日 上午10:46:06。
几何形函数: 二次拉格朗日单元
在  上运行。
在以下位置使用 1 个插槽： Zifeng 上（共 8 个内核）。
可用内存：32.60 GB。
           当前进度:   0 % - 编译方程: 稳态
Memory: 1180/1612 1405/1927
在  上运行。
在以下位置使用 1 个插槽： Zifeng 上（共 8 个内核）。
可用内存：32.60 GB。
           当前进度:   5 % - 编译方程: 稳态
Memory: 1179/1612 1404/1927
时间：1。
物理内存: 1.18 GB
虚拟内存: 1.41 GB
结束时间：2026年9月11日 上午10:46:07。
----- 研究 15/解 15 (sol15) 中的“编译方程: 稳态” ----------------------------------------->
<---- 研究 15/解 15 (sol15) 中的“因变量 1” ---------------------------------------------
开始于 2026年9月11日 上午10:46:07。
           当前进度:   5 % - 因变量 1
Memory: 1181/1612 1406/1927
求解时间：0 s。
物理内存: 1.18 GB
虚拟内存: 1.41 GB
结束时间：2026年9月11日 上午10:46:07。
----- 研究 15/解 15 (sol15) 中的“因变量 1” -------------------------------------------->
<---- 研究 15/解 15 (sol15) 中的“稳态求解器 1” -------------------------------------------
开始于 2026年9月11日 上午10:46:07。
线性求解器
求解的自由度数：81464。
找到对称矩阵。
缩放因变量：
磁标势 (comp1.Vm): 1
已使用正交零空间函数。
---        当前进度:  36 % - 矩阵分解
Memory: 1314/1612 1542/1927
-----      当前进度:  56 % - 矩阵分解
Memory: 1440/1612 1936/1936
-------    当前进度:  73 % - 矩阵分解
Memory: 1543/1612 1936/1936
--------   当前进度:  83 % - 矩阵分解
Memory: 1593/1612 1936/1936
--------   当前进度:  88 % - 矩阵分解
Memory: 1617/1617 1936/1936
Iter      SolEst     Damping    Stepsize #Res #Jac #Sol   LinErr   LinRes
   1        0.95   1.0000000        0.95    1    1    1  8.6e-12  1.7e-14
---------- 当前进度: 100 % - 求解线性方程组
Memory: 1532/1626 1800/1940
求解时间：2 s。
物理内存: 1.63 GB
虚拟内存: 1.94 GB
结束时间：2026年9月11日 上午10:46:09。
----- 研究 15/解 15 (sol15) 中的“稳态求解器 1” ------------------------------------------>
           当前进度:   0 % - 
Memory: 1182/1626 1406/1940
<---- 研究 16/解 16 (sol16) 中的“编译方程: 稳态” ------------------------------------------
开始于 2026年9月11日 上午10:46:10。
几何形函数: 二次拉格朗日单元
在  上运行。
在以下位置使用 1 个插槽： Zifeng 上（共 8 个内核）。
可用内存：32.60 GB。
           当前进度:   0 % - 编译方程: 稳态
Memory: 1183/1626 1406/1940
在  上运行。
在以下位置使用 1 个插槽： Zifeng 上（共 8 个内核）。
可用内存：32.60 GB。
           当前进度:   5 % - 编译方程: 稳态
时间：1。
物理内存: 1.19 GB
虚拟内存: 1.41 GB
结束时间：2026年9月11日 上午10:46:11。
----- 研究 16/解 16 (sol16) 中的“编译方程: 稳态” ----------------------------------------->
<---- 研究 16/解 16 (sol16) 中的“因变量 1” ---------------------------------------------
开始于 2026年9月11日 上午10:46:11。
           当前进度:   5 % - 因变量 1
求解时间：0 s。
物理内存: 1.18 GB
虚拟内存: 1.41 GB
结束时间：2026年9月11日 上午10:46:11。
----- 研究 16/解 16 (sol16) 中的“因变量 1” -------------------------------------------->
<---- 研究 16/解 16 (sol16) 中的“稳态求解器 1” -------------------------------------------
开始于 2026年9月11日 上午10:46:11。
线性求解器
求解的自由度数：81464。
找到对称矩阵。
缩放因变量：
磁标势 (comp1.Vm): 1
已使用正交零空间函数。
---        当前进度:  36 % - 矩阵分解
Memory: 1315/1626 1541/1940
-----      当前进度:  57 % - 矩阵分解
Memory: 1447/1626 1934/1940
-------    当前进度:  74 % - 矩阵分解
Memory: 1541/1626 1934/1940
--------   当前进度:  82 % - 矩阵分解
Memory: 1588/1626 1934/1940
--------   当前进度:  88 % - 矩阵分解
Memory: 1615/1626 1934/1940
Iter      SolEst     Damping    Stepsize #Res #Jac #Sol   LinErr   LinRes
   1        0.96   1.0000000        0.96    1    1    1  2.1e-11  1.7e-14
---------- 当前进度: 100 % - 求解线性方程组
Memory: 1621/1626 1934/1940
求解时间：2 s。
物理内存: 1.62 GB
虚拟内存: 1.93 GB
结束时间：2026年9月11日 上午10:46:13。
----- 研究 16/解 16 (sol16) 中的“稳态求解器 1” ------------------------------------------>
           当前进度:   0 % - 
Memory: 1188/1626 1407/1940
<---- 研究 17/解 17 (sol17) 中的“编译方程: 稳态” ------------------------------------------
开始于 2026年9月11日 上午10:46:15。
几何形函数: 二次拉格朗日单元
在  上运行。
在以下位置使用 1 个插槽： Zifeng 上（共 8 个内核）。
可用内存：32.60 GB。
           当前进度:   0 % - 编译方程: 稳态
Memory: 1191/1626 1409/1940
在  上运行。
在以下位置使用 1 个插槽： Zifeng 上（共 8 个内核）。
可用内存：32.60 GB。
           当前进度:   5 % - 编译方程: 稳态
Memory: 1188/1626 1407/1940
时间：1。
物理内存: 1.19 GB
虚拟内存: 1.41 GB
结束时间：2026年9月11日 上午10:46:15。
----- 研究 17/解 17 (sol17) 中的“编译方程: 稳态” ----------------------------------------->
<---- 研究 17/解 17 (sol17) 中的“因变量 1” ---------------------------------------------
开始于 2026年9月11日 上午10:46:15。
           当前进度:   5 % - 因变量 1
求解时间：0 s。
物理内存: 1.19 GB
虚拟内存: 1.41 GB
结束时间：2026年9月11日 上午10:46:15。
----- 研究 17/解 17 (sol17) 中的“因变量 1” -------------------------------------------->
<---- 研究 17/解 17 (sol17) 中的“稳态求解器 1” -------------------------------------------
开始于 2026年9月11日 上午10:46:15。
线性求解器
求解的自由度数：81464。
找到对称矩阵。
缩放因变量：
磁标势 (comp1.Vm): 1
已使用正交零空间函数。
---        当前进度:  36 % - 矩阵分解
Memory: 1319/1626 1542/1940
-----      当前进度:  58 % - 矩阵分解
Memory: 1456/1626 1935/1940
-------    当前进度:  75 % - 矩阵分解
Memory: 1553/1626 1935/1940
--------   当前进度:  84 % - 矩阵分解
Memory: 1600/1626 1935/1940
--------   当前进度:  89 % - 矩阵分解
Memory: 1622/1626 1935/1940
Iter      SolEst     Damping    Stepsize #Res #Jac #Sol   LinErr   LinRes
   1        0.96   1.0000000        0.96    1    1    1    7e-12  1.7e-14
---------- 当前进度: 100 % - 求解线性方程组
Memory: 1223/1629 1445/1940
求解时间：2 s。
物理内存: 1.63 GB
虚拟内存: 1.93 GB
结束时间：2026年9月11日 上午10:46:18。
----- 研究 17/解 17 (sol17) 中的“稳态求解器 1” ------------------------------------------>
           当前进度:   0 % - 
Memory: 1199/1629 1435/1940
<---- 研究 18/解 18 (sol18) 中的“编译方程: 稳态” ------------------------------------------
开始于 2026年9月11日 上午10:46:19。
几何形函数: 二次拉格朗日单元
在  上运行。
在以下位置使用 1 个插槽： Zifeng 上（共 8 个内核）。
可用内存：32.60 GB。
           当前进度:   0 % - 编译方程: 稳态
Memory: 1192/1629 1428/1940
在  上运行。
在以下位置使用 1 个插槽： Zifeng 上（共 8 个内核）。
可用内存：32.60 GB。
           当前进度:   5 % - 编译方程: 稳态
Memory: 1193/1629 1428/1940
时间：1。
物理内存: 1.19 GB
虚拟内存: 1.43 GB
结束时间：2026年9月11日 上午10:46:20。
----- 研究 18/解 18 (sol18) 中的“编译方程: 稳态” ----------------------------------------->
<---- 研究 18/解 18 (sol18) 中的“因变量 1” ---------------------------------------------
开始于 2026年9月11日 上午10:46:20。
           当前进度:   5 % - 因变量 1
求解时间：0 s。
物理内存: 1.19 GB
虚拟内存: 1.43 GB
结束时间：2026年9月11日 上午10:46:20。
----- 研究 18/解 18 (sol18) 中的“因变量 1” -------------------------------------------->
<---- 研究 18/解 18 (sol18) 中的“稳态求解器 1” -------------------------------------------
开始于 2026年9月11日 上午10:46:20。
线性求解器
求解的自由度数：81464。
找到对称矩阵。
缩放因变量：
磁标势 (comp1.Vm): 1
已使用正交零空间函数。
---        当前进度:  36 % - 矩阵分解
Memory: 1339/1629 1559/1940
-----      当前进度:  57 % - 矩阵分解
Memory: 1466/1629 1954/1954
-------    当前进度:  75 % - 矩阵分解
Memory: 1567/1629 1954/1954
--------   当前进度:  82 % - 矩阵分解
Memory: 1611/1629 1954/1954
--------   当前进度:  88 % - 矩阵分解
Memory: 1640/1640 1954/1954
Iter      SolEst     Damping    Stepsize #Res #Jac #Sol   LinErr   LinRes
   1        0.96   1.0000000        0.96    1    1    1  2.2e-11  1.7e-14
---------- 当前进度: 100 % - 求解线性方程组
Memory: 1629/1650 1938/1959
求解时间：3 s。
物理内存: 1.65 GB
虚拟内存: 1.96 GB
结束时间：2026年9月11日 上午10:46:23。
----- 研究 18/解 18 (sol18) 中的“稳态求解器 1” ------------------------------------------>
           当前进度:   0 % - 
Memory: 1209/1650 1426/1959
<---- 研究 19/解 19 (sol19) 中的“编译方程: 稳态” ------------------------------------------
开始于 2026年9月11日 上午10:46:24。
几何形函数: 二次拉格朗日单元
在  上运行。
在以下位置使用 1 个插槽： Zifeng 上（共 8 个内核）。
可用内存：32.60 GB。
           当前进度:   0 % - 编译方程: 稳态
Memory: 1207/1650 1424/1959
在  上运行。
在以下位置使用 1 个插槽： Zifeng 上（共 8 个内核）。
可用内存：32.60 GB。
           当前进度:   5 % - 编译方程: 稳态
Memory: 1208/1650 1424/1959
时间：1。
物理内存: 1.21 GB
虚拟内存: 1.42 GB
结束时间：2026年9月11日 上午10:46:24。
----- 研究 19/解 19 (sol19) 中的“编译方程: 稳态” ----------------------------------------->
<---- 研究 19/解 19 (sol19) 中的“因变量 1” ---------------------------------------------
开始于 2026年9月11日 上午10:46:25。
           当前进度:   5 % - 因变量 1
Memory: 1206/1650 1423/1959
求解时间：0 s。
物理内存: 1.21 GB
虚拟内存: 1.42 GB
结束时间：2026年9月11日 上午10:46:25。
----- 研究 19/解 19 (sol19) 中的“因变量 1” -------------------------------------------->
<---- 研究 19/解 19 (sol19) 中的“稳态求解器 1” -------------------------------------------
开始于 2026年9月11日 上午10:46:25。
线性求解器
求解的自由度数：81464。
找到对称矩阵。
缩放因变量：
磁标势 (comp1.Vm): 1
已使用正交零空间函数。
---        当前进度:  36 % - 矩阵分解
Memory: 1326/1650 1552/1959
-----      当前进度:  57 % - 矩阵分解
Memory: 1464/1650 1951/1959
-------    当前进度:  73 % - 矩阵分解
Memory: 1563/1650 1951/1959
--------   当前进度:  83 % - 矩阵分解
Memory: 1613/1650 1951/1959
--------   当前进度:  88 % - 矩阵分解
Memory: 1638/1650 1951/1959
Iter      SolEst     Damping    Stepsize #Res #Jac #Sol   LinErr   LinRes
   1        0.96   1.0000000        0.96    1    1    1  2.6e-12  1.8e-14
---------- 当前进度: 100 % - 求解线性方程组
Memory: 1539/1650 1802/1959
求解时间：3 s。
物理内存: 1.64 GB
虚拟内存: 1.95 GB
结束时间：2026年9月11日 上午10:46:27。
----- 研究 19/解 19 (sol19) 中的“稳态求解器 1” ------------------------------------------>
           当前进度:   0 % - 
Memory: 1211/1650 1425/1959
<---- 研究 20/解 20 (sol20) 中的“编译方程: 稳态” ------------------------------------------
开始于 2026年9月11日 上午10:46:29。
几何形函数: 二次拉格朗日单元
在  上运行。
在以下位置使用 1 个插槽： Zifeng 上（共 8 个内核）。
可用内存：32.60 GB。
           当前进度:   0 % - 编译方程: 稳态
Memory: 1134/1650 1354/1959
在  上运行。
在以下位置使用 1 个插槽： Zifeng 上（共 8 个内核）。
可用内存：32.60 GB。
           当前进度:   5 % - 编译方程: 稳态
Memory: 1151/1650 1369/1959
时间：1。
物理内存: 1.15 GB
虚拟内存: 1.37 GB
结束时间：2026年9月11日 上午10:46:29。
----- 研究 20/解 20 (sol20) 中的“编译方程: 稳态” ----------------------------------------->
<---- 研究 20/解 20 (sol20) 中的“因变量 1” ---------------------------------------------
开始于 2026年9月11日 上午10:46:29。
           当前进度:   5 % - 因变量 1
Memory: 1158/1650 1375/1959
求解时间：0 s。
物理内存: 1.16 GB
虚拟内存: 1.38 GB
结束时间：2026年9月11日 上午10:46:29。
----- 研究 20/解 20 (sol20) 中的“因变量 1” -------------------------------------------->
<---- 研究 20/解 20 (sol20) 中的“稳态求解器 1” -------------------------------------------
开始于 2026年9月11日 上午10:46:29。
线性求解器
求解的自由度数：81464。
找到对称矩阵。
缩放因变量：
磁标势 (comp1.Vm): 1
已使用正交零空间函数。
---        当前进度:  36 % - 矩阵分解
Memory: 1311/1650 1532/1959
-----      当前进度:  56 % - 矩阵分解
Memory: 1447/1650 1935/1959
-------    当前进度:  74 % - 矩阵分解
Memory: 1549/1650 1935/1959
--------   当前进度:  82 % - 矩阵分解
Memory: 1596/1650 1935/1959
--------   当前进度:  88 % - 矩阵分解
Memory: 1622/1650 1935/1959
Iter      SolEst     Damping    Stepsize #Res #Jac #Sol   LinErr   LinRes
   1        0.96   1.0000000        0.96    1    1    1  1.5e-11  1.8e-14
---------- 当前进度: 100 % - 求解线性方程组
Memory: 1627/1650 1935/1959
求解时间：2 s。
物理内存: 1.63 GB
虚拟内存: 1.93 GB
结束时间：2026年9月11日 上午10:46:32。
----- 研究 20/解 20 (sol20) 中的“稳态求解器 1” ------------------------------------------>
           当前进度:   0 % - 
Memory: 1210/1650 1428/1959
<---- 研究 21/解 21 (sol21) 中的“编译方程: 稳态” ------------------------------------------
开始于 2026年9月11日 上午10:46:33。
几何形函数: 二次拉格朗日单元
在  上运行。
在以下位置使用 1 个插槽： Zifeng 上（共 8 个内核）。
可用内存：32.60 GB。
           当前进度:   0 % - 编译方程: 稳态
Memory: 1199/1650 1417/1959
在  上运行。
在以下位置使用 1 个插槽： Zifeng 上（共 8 个内核）。
可用内存：32.60 GB。
           当前进度:   5 % - 编译方程: 稳态
Memory: 1200/1650 1417/1959
时间：1。
物理内存: 1.2 GB
虚拟内存: 1.42 GB
结束时间：2026年9月11日 上午10:46:34。
----- 研究 21/解 21 (sol21) 中的“编译方程: 稳态” ----------------------------------------->
<---- 研究 21/解 21 (sol21) 中的“因变量 1” ---------------------------------------------
开始于 2026年9月11日 上午10:46:34。
           当前进度:   5 % - 因变量 1
Memory: 1201/1650 1417/1959
求解时间：0 s。
物理内存: 1.2 GB
虚拟内存: 1.42 GB
结束时间：2026年9月11日 上午10:46:34。
----- 研究 21/解 21 (sol21) 中的“因变量 1” -------------------------------------------->
<---- 研究 21/解 21 (sol21) 中的“稳态求解器 1” -------------------------------------------
开始于 2026年9月11日 上午10:46:34。
线性求解器
求解的自由度数：81464。
找到对称矩阵。
缩放因变量：
磁标势 (comp1.Vm): 1
已使用正交零空间函数。
---        当前进度:  36 % - 矩阵分解
Memory: 1328/1650 1554/1959
-----      当前进度:  52 % - 矩阵分解
Memory: 1442/1650 1951/1959
-------    当前进度:  71 % - 矩阵分解
Memory: 1550/1650 1951/1959
-------    当前进度:  79 % - 矩阵分解
Memory: 1601/1650 1951/1959
--------   当前进度:  87 % - 矩阵分解
Memory: 1638/1650 1952/1959
Iter      SolEst     Damping    Stepsize #Res #Jac #Sol   LinErr   LinRes
---------- 当前进度: 100 % - 求解线性方程组
Memory: 1651/1651 1957/1959
   1        0.96   1.0000000        0.96    1    1    1  1.6e-11  1.8e-14
求解时间：2 s。
物理内存: 1.65 GB
虚拟内存: 1.96 GB
结束时间：2026年9月11日 上午10:46:36。
----- 研究 21/解 21 (sol21) 中的“稳态求解器 1” ------------------------------------------>
           当前进度:   0 % - 
Memory: 1208/1651 1424/1959
<---- 研究 22/解 22 (sol22) 中的“编译方程: 稳态” ------------------------------------------
开始于 2026年9月11日 上午10:46:38。
几何形函数: 二次拉格朗日单元
在  上运行。
在以下位置使用 1 个插槽： Zifeng 上（共 8 个内核）。
可用内存：32.60 GB。
           当前进度:   0 % - 编译方程: 稳态
在  上运行。
在以下位置使用 1 个插槽： Zifeng 上（共 8 个内核）。
可用内存：32.60 GB。
           当前进度:   5 % - 编译方程: 稳态
时间：1。
物理内存: 1.21 GB
虚拟内存: 1.42 GB
结束时间：2026年9月11日 上午10:46:38。
----- 研究 22/解 22 (sol22) 中的“编译方程: 稳态” ----------------------------------------->
<---- 研究 22/解 22 (sol22) 中的“因变量 1” ---------------------------------------------
开始于 2026年9月11日 上午10:46:38。
           当前进度:   5 % - 因变量 1
Memory: 1206/1651 1421/1959
求解时间：0 s。
物理内存: 1.21 GB
虚拟内存: 1.42 GB
结束时间：2026年9月11日 上午10:46:38。
----- 研究 22/解 22 (sol22) 中的“因变量 1” -------------------------------------------->
<---- 研究 22/解 22 (sol22) 中的“稳态求解器 1” -------------------------------------------
开始于 2026年9月11日 上午10:46:38。
线性求解器
求解的自由度数：81464。
找到对称矩阵。
缩放因变量：
磁标势 (comp1.Vm): 1
已使用正交零空间函数。
---        当前进度:  36 % - 矩阵分解
Memory: 1329/1651 1557/1959
-----      当前进度:  54 % - 矩阵分解
Memory: 1455/1651 1952/1959
-------    当前进度:  72 % - 矩阵分解
Memory: 1562/1651 1952/1959
--------   当前进度:  81 % - 矩阵分解
Memory: 1607/1651 1952/1959
--------   当前进度:  87 % - 矩阵分解
Memory: 1641/1651 1952/1959
Iter      SolEst     Damping    Stepsize #Res #Jac #Sol   LinErr   LinRes
---------- 当前进度: 100 % - 求解线性方程组
Memory: 1654/1654 1957/1959
   1        0.96   1.0000000        0.96    1    1    1  8.5e-12  1.8e-14
求解时间：2 s。
物理内存: 1.65 GB
虚拟内存: 1.96 GB
结束时间：2026年9月11日 上午10:46:40。
----- 研究 22/解 22 (sol22) 中的“稳态求解器 1” ------------------------------------------>
           当前进度:   0 % - 
Memory: 1211/1654 1425/1959
<---- 研究 23/解 23 (sol23) 中的“编译方程: 稳态” ------------------------------------------
开始于 2026年9月11日 上午10:46:42。
几何形函数: 二次拉格朗日单元
在  上运行。
在以下位置使用 1 个插槽： Zifeng 上（共 8 个内核）。
可用内存：32.60 GB。
           当前进度:   0 % - 编译方程: 稳态
Memory: 1212/1654 1425/1959
在  上运行。
在以下位置使用 1 个插槽： Zifeng 上（共 8 个内核）。
可用内存：32.60 GB。
           当前进度:   5 % - 编译方程: 稳态
Memory: 1211/1654 1425/1959
时间：1。
物理内存: 1.21 GB
虚拟内存: 1.42 GB
结束时间：2026年9月11日 上午10:46:42。
----- 研究 23/解 23 (sol23) 中的“编译方程: 稳态” ----------------------------------------->
<---- 研究 23/解 23 (sol23) 中的“因变量 1” ---------------------------------------------
开始于 2026年9月11日 上午10:46:42。
           当前进度:   5 % - 因变量 1
Memory: 1210/1654 1423/1959
求解时间：0 s。
物理内存: 1.21 GB
虚拟内存: 1.42 GB
结束时间：2026年9月11日 上午10:46:43。
----- 研究 23/解 23 (sol23) 中的“因变量 1” -------------------------------------------->
<---- 研究 23/解 23 (sol23) 中的“稳态求解器 1” -------------------------------------------
开始于 2026年9月11日 上午10:46:43。
线性求解器
求解的自由度数：81464。
找到对称矩阵。
缩放因变量：
磁标势 (comp1.Vm): 1
已使用正交零空间函数。
---        当前进度:  36 % - 矩阵分解
Memory: 1307/1654 1524/1959
-----      当前进度:  51 % - 矩阵分解
Memory: 1440/1654 1950/1959
-------    当前进度:  70 % - 矩阵分解
Memory: 1548/1654 1950/1959
--------   当前进度:  80 % - 矩阵分解
Memory: 1604/1654 1950/1959
--------   当前进度:  88 % - 矩阵分解
Memory: 1638/1654 1950/1959
Iter      SolEst     Damping    Stepsize #Res #Jac #Sol   LinErr   LinRes
---------- 当前进度: 100 % - 求解线性方程组
Memory: 1651/1654 1955/1959
   1        0.96   1.0000000        0.96    1    1    1  1.5e-11  1.8e-14
求解时间：3 s。
物理内存: 1.65 GB
虚拟内存: 1.96 GB
结束时间：2026年9月11日 上午10:46:45。
----- 研究 23/解 23 (sol23) 中的“稳态求解器 1” ------------------------------------------>
           当前进度:   0 % - 
Memory: 1214/1654 1427/1959
<---- 研究 24/解 24 (sol24) 中的“编译方程: 稳态” ------------------------------------------
开始于 2026年9月11日 上午10:46:47。
几何形函数: 二次拉格朗日单元
在  上运行。
在以下位置使用 1 个插槽： Zifeng 上（共 8 个内核）。
可用内存：32.60 GB。
           当前进度:   0 % - 编译方程: 稳态
Memory: 1146/1654 1358/1959
在  上运行。
在以下位置使用 1 个插槽： Zifeng 上（共 8 个内核）。
可用内存：32.60 GB。
           当前进度:   5 % - 编译方程: 稳态
Memory: 1165/1654 1378/1959
时间：1。
物理内存: 1.17 GB
虚拟内存: 1.38 GB
结束时间：2026年9月11日 上午10:46:47。
----- 研究 24/解 24 (sol24) 中的“编译方程: 稳态” ----------------------------------------->
<---- 研究 24/解 24 (sol24) 中的“因变量 1” ---------------------------------------------
开始于 2026年9月11日 上午10:46:47。
           当前进度:   5 % - 因变量 1
Memory: 1173/1654 1386/1959
求解时间：0 s。
物理内存: 1.17 GB
虚拟内存: 1.39 GB
结束时间：2026年9月11日 上午10:46:47。
----- 研究 24/解 24 (sol24) 中的“因变量 1” -------------------------------------------->
<---- 研究 24/解 24 (sol24) 中的“稳态求解器 1” -------------------------------------------
开始于 2026年9月11日 上午10:46:47。
线性求解器
求解的自由度数：81464。
找到对称矩阵。
缩放因变量：
磁标势 (comp1.Vm): 1
已使用正交零空间函数。
---        当前进度:  36 % - 矩阵分解
Memory: 1333/1654 1558/1959
-----      当前进度:  56 % - 矩阵分解
Memory: 1471/1654 1962/1962
-------    当前进度:  73 % - 矩阵分解
Memory: 1570/1654 1962/1962
--------   当前进度:  83 % - 矩阵分解
Memory: 1620/1654 1962/1962
--------   当前进度:  88 % - 矩阵分解
Memory: 1647/1654 1962/1962
Iter      SolEst     Damping    Stepsize #Res #Jac #Sol   LinErr   LinRes
   1        0.96   1.0000000        0.96    1    1    1  1.7e-11  1.8e-14
---------- 当前进度: 100 % - 求解线性方程组
Memory: 1654/1657 1964/1967
求解时间：3 s。
物理内存: 1.66 GB
虚拟内存: 1.97 GB
结束时间：2026年9月11日 上午10:46:50。
----- 研究 24/解 24 (sol24) 中的“稳态求解器 1” ------------------------------------------>
           当前进度:   0 % - 
Memory: 1221/1657 1435/1967
<---- 研究 25/解 25 (sol25) 中的“编译方程: 稳态” ------------------------------------------
开始于 2026年9月11日 上午10:46:52。
几何形函数: 二次拉格朗日单元
在  上运行。
在以下位置使用 1 个插槽： Zifeng 上（共 8 个内核）。
可用内存：32.60 GB。
           当前进度:   0 % - 编译方程: 稳态
Memory: 1213/1657 1426/1967
在  上运行。
在以下位置使用 1 个插槽： Zifeng 上（共 8 个内核）。
可用内存：32.60 GB。
           当前进度:   5 % - 编译方程: 稳态
Memory: 1215/1657 1427/1967
时间：1。
物理内存: 1.22 GB
虚拟内存: 1.43 GB
结束时间：2026年9月11日 上午10:46:52。
----- 研究 25/解 25 (sol25) 中的“编译方程: 稳态” ----------------------------------------->
<---- 研究 25/解 25 (sol25) 中的“因变量 1” ---------------------------------------------
开始于 2026年9月11日 上午10:46:52。
           当前进度:   5 % - 因变量 1
求解时间：0 s。
物理内存: 1.22 GB
虚拟内存: 1.43 GB
结束时间：2026年9月11日 上午10:46:52。
----- 研究 25/解 25 (sol25) 中的“因变量 1” -------------------------------------------->
<---- 研究 25/解 25 (sol25) 中的“稳态求解器 1” -------------------------------------------
开始于 2026年9月11日 上午10:46:52。
线性求解器
求解的自由度数：81464。
找到对称矩阵。
缩放因变量：
磁标势 (comp1.Vm): 1
已使用正交零空间函数。
---        当前进度:  36 % - 矩阵分解
Memory: 1347/1657 1562/1967
-----      当前进度:  55 % - 矩阵分解
Memory: 1473/1657 1958/1967
-------    当前进度:  73 % - 矩阵分解
Memory: 1573/1657 1958/1967
--------   当前进度:  83 % - 矩阵分解
Memory: 1625/1657 1958/1967
--------   当前进度:  88 % - 矩阵分解
Memory: 1652/1657 1958/1967
Iter      SolEst     Damping    Stepsize #Res #Jac #Sol   LinErr   LinRes
   1        0.96   1.0000000        0.96    1    1    1  4.6e-14  1.9e-14
---------- 当前进度: 100 % - 求解线性方程组
Memory: 1544/1661 1833/1967
求解时间：2 s。
物理内存: 1.66 GB
虚拟内存: 1.96 GB
结束时间：2026年9月11日 上午10:46:54。
----- 研究 25/解 25 (sol25) 中的“稳态求解器 1” ------------------------------------------>
           当前进度:   0 % - 
Memory: 1167/1661 1377/1967
<---- 研究 26/解 26 (sol26) 中的“编译方程: 稳态” ------------------------------------------
开始于 2026年9月11日 上午10:46:56。
几何形函数: 二次拉格朗日单元
在  上运行。
在以下位置使用 1 个插槽： Zifeng 上（共 8 个内核）。
可用内存：32.60 GB。
           当前进度:   0 % - 编译方程: 稳态
Memory: 1196/1661 1408/1967
在  上运行。
在以下位置使用 1 个插槽： Zifeng 上（共 8 个内核）。
可用内存：32.60 GB。
           当前进度:   5 % - 编译方程: 稳态
Memory: 1201/1661 1412/1967
时间：1。
物理内存: 1.2 GB
虚拟内存: 1.41 GB
结束时间：2026年9月11日 上午10:46:57。
----- 研究 26/解 26 (sol26) 中的“编译方程: 稳态” ----------------------------------------->
<---- 研究 26/解 26 (sol26) 中的“因变量 1” ---------------------------------------------
开始于 2026年9月11日 上午10:46:57。
           当前进度:   5 % - 因变量 1
Memory: 1204/1661 1415/1967
求解时间：0 s。
物理内存: 1.2 GB
虚拟内存: 1.41 GB
结束时间：2026年9月11日 上午10:46:57。
----- 研究 26/解 26 (sol26) 中的“因变量 1” -------------------------------------------->
<---- 研究 26/解 26 (sol26) 中的“稳态求解器 1” -------------------------------------------
开始于 2026年9月11日 上午10:46:57。
线性求解器
求解的自由度数：81464。
找到对称矩阵。
缩放因变量：
磁标势 (comp1.Vm): 1
已使用正交零空间函数。
---        当前进度:  36 % - 矩阵分解
Memory: 1337/1661 1551/1967
-----      当前进度:  56 % - 矩阵分解
Memory: 1474/1661 1952/1967
-------    当前进度:  74 % - 矩阵分解
Memory: 1572/1661 1952/1967
--------   当前进度:  82 % - 矩阵分解
Memory: 1616/1661 1952/1967
--------   当前进度:  88 % - 矩阵分解
Memory: 1646/1661 1952/1967
Iter      SolEst     Damping    Stepsize #Res #Jac #Sol   LinErr   LinRes
   1        0.96   1.0000000        0.96    1    1    1  1.4e-12  1.8e-14
---------- 当前进度: 100 % - 求解线性方程组
Memory: 1653/1661 1953/1967
求解时间：2 s。
物理内存: 1.65 GB
虚拟内存: 1.95 GB
结束时间：2026年9月11日 上午10:46:59。
----- 研究 26/解 26 (sol26) 中的“稳态求解器 1” ------------------------------------------>
           当前进度:   0 % - 
Memory: 1215/1661 1422/1967
<---- 研究 27/解 27 (sol27) 中的“编译方程: 稳态” ------------------------------------------
开始于 2026年9月11日 上午10:47:01。
几何形函数: 二次拉格朗日单元
在  上运行。
在以下位置使用 1 个插槽： Zifeng 上（共 8 个内核）。
可用内存：32.60 GB。
           当前进度:   0 % - 编译方程: 稳态
在  上运行。
在以下位置使用 1 个插槽： Zifeng 上（共 8 个内核）。
可用内存：32.60 GB。
           当前进度:   5 % - 编译方程: 稳态
Memory: 1213/1661 1420/1967
时间：1。
物理内存: 1.22 GB
虚拟内存: 1.42 GB
结束时间：2026年9月11日 上午10:47:01。
----- 研究 27/解 27 (sol27) 中的“编译方程: 稳态” ----------------------------------------->
<---- 研究 27/解 27 (sol27) 中的“因变量 1” ---------------------------------------------
开始于 2026年9月11日 上午10:47:01。
           当前进度:   5 % - 因变量 1
求解时间：0 s。
物理内存: 1.21 GB
虚拟内存: 1.42 GB
结束时间：2026年9月11日 上午10:47:01。
----- 研究 27/解 27 (sol27) 中的“因变量 1” -------------------------------------------->
<---- 研究 27/解 27 (sol27) 中的“稳态求解器 1” -------------------------------------------
开始于 2026年9月11日 上午10:47:01。
线性求解器
求解的自由度数：81464。
找到对称矩阵。
缩放因变量：
磁标势 (comp1.Vm): 1
已使用正交零空间函数。
---        当前进度:  36 % - 矩阵分解
Memory: 1346/1661 1557/1967
-----      当前进度:  53 % - 矩阵分解
Memory: 1455/1661 1952/1967
-------    当前进度:  71 % - 矩阵分解
Memory: 1559/1661 1952/1967
--------   当前进度:  81 % - 矩阵分解
Memory: 1613/1661 1952/1967
--------   当前进度:  88 % - 矩阵分解
Memory: 1647/1661 1952/1967
Iter      SolEst     Damping    Stepsize #Res #Jac #Sol   LinErr   LinRes
---------- 当前进度: 100 % - 求解线性方程组
Memory: 1659/1661 1957/1967
   1        0.96   1.0000000        0.96    1    1    1  9.4e-13  1.8e-14
求解时间：2 s。
物理内存: 1.66 GB
虚拟内存: 1.96 GB
结束时间：2026年9月11日 上午10:47:03。
----- 研究 27/解 27 (sol27) 中的“稳态求解器 1” ------------------------------------------>
           当前进度:   0 % - 
Memory: 1218/1661 1424/1967
<---- 研究 28/解 28 (sol28) 中的“编译方程: 稳态” ------------------------------------------
开始于 2026年9月11日 上午10:47:05。
几何形函数: 二次拉格朗日单元
在  上运行。
在以下位置使用 1 个插槽： Zifeng 上（共 8 个内核）。
可用内存：32.60 GB。
           当前进度:   0 % - 编译方程: 稳态
Memory: 1219/1661 1424/1967
在  上运行。
在以下位置使用 1 个插槽： Zifeng 上（共 8 个内核）。
可用内存：32.60 GB。
           当前进度:   5 % - 编译方程: 稳态
Memory: 1220/1661 1425/1967
时间：1。
物理内存: 1.22 GB
虚拟内存: 1.42 GB
结束时间：2026年9月11日 上午10:47:06。
----- 研究 28/解 28 (sol28) 中的“编译方程: 稳态” ----------------------------------------->
<---- 研究 28/解 28 (sol28) 中的“因变量 1” ---------------------------------------------
开始于 2026年9月11日 上午10:47:06。
           当前进度:   5 % - 因变量 1
Memory: 1221/1661 1426/1967
求解时间：0 s。
物理内存: 1.22 GB
虚拟内存: 1.43 GB
结束时间：2026年9月11日 上午10:47:06。
----- 研究 28/解 28 (sol28) 中的“因变量 1” -------------------------------------------->
<---- 研究 28/解 28 (sol28) 中的“稳态求解器 1” -------------------------------------------
开始于 2026年9月11日 上午10:47:06。
线性求解器
求解的自由度数：81464。
找到对称矩阵。
缩放因变量：
磁标势 (comp1.Vm): 1
已使用正交零空间函数。
---        当前进度:  36 % - 矩阵分解
Memory: 1356/1661 1566/1967
-----      当前进度:  54 % - 矩阵分解
Memory: 1474/1661 1961/1967
-------    当前进度:  73 % - 矩阵分解
Memory: 1579/1661 1961/1967
--------   当前进度:  82 % - 矩阵分解
Memory: 1630/1661 1961/1967
--------   当前进度:  87 % - 矩阵分解
Memory: 1658/1661 1961/1967
Iter      SolEst     Damping    Stepsize #Res #Jac #Sol   LinErr   LinRes
   1        0.96   1.0000000        0.96    1    1    1  2.6e-12  1.8e-14
---------- 当前进度: 100 % - 求解线性方程组
Memory: 1664/1668 1961/1967
求解时间：3 s。
物理内存: 1.67 GB
虚拟内存: 1.96 GB
结束时间：2026年9月11日 上午10:47:08。
----- 研究 28/解 28 (sol28) 中的“稳态求解器 1” ------------------------------------------>
           当前进度:   0 % - 
Memory: 1233/1668 1436/1967
<---- 研究 29/解 29 (sol29) 中的“编译方程: 稳态” ------------------------------------------
开始于 2026年9月11日 上午10:47:10。
几何形函数: 二次拉格朗日单元
在  上运行。
在以下位置使用 1 个插槽： Zifeng 上（共 8 个内核）。
可用内存：32.60 GB。
           当前进度:   0 % - 编译方程: 稳态
Memory: 1233/1668 1437/1967
在  上运行。
在以下位置使用 1 个插槽： Zifeng 上（共 8 个内核）。
可用内存：32.60 GB。
           当前进度:   5 % - 编译方程: 稳态
Memory: 1233/1668 1436/1967
时间：1。
物理内存: 1.23 GB
虚拟内存: 1.44 GB
结束时间：2026年9月11日 上午10:47:11。
----- 研究 29/解 29 (sol29) 中的“编译方程: 稳态” ----------------------------------------->
<---- 研究 29/解 29 (sol29) 中的“因变量 1” ---------------------------------------------
开始于 2026年9月11日 上午10:47:11。
           当前进度:   5 % - 因变量 1
求解时间：0 s。
物理内存: 1.23 GB
虚拟内存: 1.44 GB
结束时间：2026年9月11日 上午10:47:11。
----- 研究 29/解 29 (sol29) 中的“因变量 1” -------------------------------------------->
<---- 研究 29/解 29 (sol29) 中的“稳态求解器 1” -------------------------------------------
开始于 2026年9月11日 上午10:47:11。
线性求解器
求解的自由度数：81464。
找到对称矩阵。
缩放因变量：
磁标势 (comp1.Vm): 1
已使用正交零空间函数。
---        当前进度:  36 % - 矩阵分解
Memory: 1317/1668 1533/1967
-----      当前进度:  58 % - 矩阵分解
Memory: 1502/1668 1967/1967
-------    当前进度:  75 % - 矩阵分解
Memory: 1599/1668 1967/1967
--------   当前进度:  83 % - 矩阵分解
Memory: 1643/1668 1967/1967
--------   当前进度:  88 % - 矩阵分解
Memory: 1668/1668 1967/1967
Iter      SolEst     Damping    Stepsize #Res #Jac #Sol   LinErr   LinRes
   1        0.96   1.0000000        0.96    1    1    1  2.1e-12  1.8e-14
---------- 当前进度: 100 % - 求解线性方程组
Memory: 1673/1678 1968/1972
求解时间：2 s。
物理内存: 1.68 GB
虚拟内存: 1.97 GB
结束时间：2026年9月11日 上午10:47:13。
----- 研究 29/解 29 (sol29) 中的“稳态求解器 1” ------------------------------------------>
           当前进度:   0 % - 
Memory: 1233/1678 1435/1972
<---- 研究 30/解 30 (sol30) 中的“编译方程: 稳态” ------------------------------------------
开始于 2026年9月11日 上午10:47:15。
几何形函数: 二次拉格朗日单元
在  上运行。
在以下位置使用 1 个插槽： Zifeng 上（共 8 个内核）。
可用内存：32.60 GB。
           当前进度:   0 % - 编译方程: 稳态
在  上运行。
在以下位置使用 1 个插槽： Zifeng 上（共 8 个内核）。
可用内存：32.60 GB。
           当前进度:   5 % - 编译方程: 稳态
Memory: 1234/1678 1436/1972
时间：1。
物理内存: 1.23 GB
虚拟内存: 1.44 GB
结束时间：2026年9月11日 上午10:47:15。
----- 研究 30/解 30 (sol30) 中的“编译方程: 稳态” ----------------------------------------->
<---- 研究 30/解 30 (sol30) 中的“因变量 1” ---------------------------------------------
开始于 2026年9月11日 上午10:47:15。
           当前进度:   5 % - 因变量 1
求解时间：0 s。
物理内存: 1.23 GB
虚拟内存: 1.44 GB
结束时间：2026年9月11日 上午10:47:15。
----- 研究 30/解 30 (sol30) 中的“因变量 1” -------------------------------------------->
<---- 研究 30/解 30 (sol30) 中的“稳态求解器 1” -------------------------------------------
开始于 2026年9月11日 上午10:47:15。
线性求解器
求解的自由度数：81464。
找到对称矩阵。
缩放因变量：
磁标势 (comp1.Vm): 1
已使用正交零空间函数。
---        当前进度:  36 % - 矩阵分解
Memory: 1293/1678 1498/1972
-----      当前进度:  57 % - 矩阵分解
Memory: 1502/1678 1971/1972
-------    当前进度:  74 % - 矩阵分解
Memory: 1597/1678 1971/1972
--------   当前进度:  83 % - 矩阵分解
Memory: 1644/1678 1971/1972
--------   当前进度:  89 % - 矩阵分解
Memory: 1671/1678 1971/1972
Iter      SolEst     Damping    Stepsize #Res #Jac #Sol   LinErr   LinRes
---------- 当前进度: 100 % - 求解线性方程组
Memory: 1681/1681 1976/1976
   1        0.96   1.0000000        0.96    1    1    1  3.2e-11  1.8e-14
求解时间：3 s。
物理内存: 1.68 GB
虚拟内存: 1.98 GB
结束时间：2026年9月11日 上午10:47:18。
----- 研究 30/解 30 (sol30) 中的“稳态求解器 1” ------------------------------------------>
           当前进度:   0 % - 
Memory: 1245/1681 1447/1976
<---- 研究 31/解 31 (sol31) 中的“编译方程: 稳态” ------------------------------------------
开始于 2026年9月11日 上午10:47:20。
几何形函数: 二次拉格朗日单元
在  上运行。
在以下位置使用 1 个插槽： Zifeng 上（共 8 个内核）。
可用内存：32.60 GB。
           当前进度:   0 % - 编译方程: 稳态
Memory: 1240/1681 1442/1976
在  上运行。
在以下位置使用 1 个插槽： Zifeng 上（共 8 个内核）。
可用内存：32.60 GB。
           当前进度:   5 % - 编译方程: 稳态
Memory: 1242/1681 1444/1976
时间：1。
物理内存: 1.24 GB
虚拟内存: 1.44 GB
结束时间：2026年9月11日 上午10:47:20。
----- 研究 31/解 31 (sol31) 中的“编译方程: 稳态” ----------------------------------------->
<---- 研究 31/解 31 (sol31) 中的“因变量 1” ---------------------------------------------
开始于 2026年9月11日 上午10:47:20。
           当前进度:   5 % - 因变量 1
Memory: 1242/1681 1445/1976
求解时间：0 s。
物理内存: 1.24 GB
虚拟内存: 1.45 GB
结束时间：2026年9月11日 上午10:47:20。
----- 研究 31/解 31 (sol31) 中的“因变量 1” -------------------------------------------->
<---- 研究 31/解 31 (sol31) 中的“稳态求解器 1” -------------------------------------------
开始于 2026年9月11日 上午10:47:20。
线性求解器
求解的自由度数：81464。
找到对称矩阵。
缩放因变量：
磁标势 (comp1.Vm): 1
已使用正交零空间函数。
---        当前进度:  36 % - 矩阵分解
Memory: 1352/1681 1579/1976
-----      当前进度:  54 % - 矩阵分解
Memory: 1493/1681 1975/1976
-------    当前进度:  71 % - 矩阵分解
Memory: 1595/1681 1975/1976
--------   当前进度:  82 % - 矩阵分解
Memory: 1645/1681 1975/1976
--------   当前进度:  88 % - 矩阵分解
Memory: 1676/1681 1975/1976
Iter      SolEst     Damping    Stepsize #Res #Jac #Sol   LinErr   LinRes
---------- 当前进度: 100 % - 求解线性方程组
Memory: 1687/1687 1980/1980
   1        0.96   1.0000000        0.96    1    1    1  3.3e-12  1.8e-14
求解时间：2 s。
物理内存: 1.69 GB
虚拟内存: 1.98 GB
结束时间：2026年9月11日 上午10:47:23。
----- 研究 31/解 31 (sol31) 中的“稳态求解器 1” ------------------------------------------>
           当前进度:   0 % - 
Memory: 1245/1687 1446/1980
<---- 研究 32/解 32 (sol32) 中的“编译方程: 稳态” ------------------------------------------
开始于 2026年9月11日 上午10:47:24。
几何形函数: 二次拉格朗日单元
在  上运行。
在以下位置使用 1 个插槽： Zifeng 上（共 8 个内核）。
可用内存：32.60 GB。
           当前进度:   0 % - 编译方程: 稳态
Memory: 1244/1687 1446/1980
在  上运行。
在以下位置使用 1 个插槽： Zifeng 上（共 8 个内核）。
可用内存：32.60 GB。
           当前进度:   5 % - 编译方程: 稳态
Memory: 1245/1687 1446/1980
时间：1。
物理内存: 1.25 GB
虚拟内存: 1.45 GB
结束时间：2026年9月11日 上午10:47:25。
----- 研究 32/解 32 (sol32) 中的“编译方程: 稳态” ----------------------------------------->
<---- 研究 32/解 32 (sol32) 中的“因变量 1” ---------------------------------------------
开始于 2026年9月11日 上午10:47:25。
           当前进度:   5 % - 因变量 1
求解时间：0 s。
物理内存: 1.25 GB
虚拟内存: 1.45 GB
结束时间：2026年9月11日 上午10:47:25。
----- 研究 32/解 32 (sol32) 中的“因变量 1” -------------------------------------------->
<---- 研究 32/解 32 (sol32) 中的“稳态求解器 1” -------------------------------------------
开始于 2026年9月11日 上午10:47:25。
线性求解器
求解的自由度数：81464。
找到对称矩阵。
缩放因变量：
磁标势 (comp1.Vm): 1
已使用正交零空间函数。
---        当前进度:  36 % - 矩阵分解
Memory: 1378/1687 1583/1980
-----      当前进度:  56 % - 矩阵分解
Memory: 1506/1687 1977/1980
-------    当前进度:  74 % - 矩阵分解
Memory: 1605/1687 1977/1980
--------   当前进度:  83 % - 矩阵分解
Memory: 1655/1687 1977/1980
--------   当前进度:  88 % - 矩阵分解
Memory: 1681/1687 1977/1980
Iter      SolEst     Damping    Stepsize #Res #Jac #Sol   LinErr   LinRes
   1        0.96   1.0000000        0.96    1    1    1  8.5e-12  1.8e-14
---------- 当前进度: 100 % - 求解线性方程组
Memory: 1686/1690 1977/1981
求解时间：2 s。
物理内存: 1.69 GB
虚拟内存: 1.98 GB
结束时间：2026年9月11日 上午10:47:27。
----- 研究 32/解 32 (sol32) 中的“稳态求解器 1” ------------------------------------------>
           当前进度:   0 % - 
Memory: 1169/1690 1369/1981
<---- 研究 33/解 33 (sol33) 中的“编译方程: 稳态” ------------------------------------------
开始于 2026年9月11日 上午10:47:29。
几何形函数: 二次拉格朗日单元
在  上运行。
在以下位置使用 1 个插槽： Zifeng 上（共 8 个内核）。
可用内存：32.60 GB。
           当前进度:   0 % - 编译方程: 稳态
Memory: 1172/1690 1375/1981
在  上运行。
在以下位置使用 1 个插槽： Zifeng 上（共 8 个内核）。
可用内存：32.60 GB。
           当前进度:   5 % - 编译方程: 稳态
Memory: 1186/1690 1389/1981
时间：1。
物理内存: 1.19 GB
虚拟内存: 1.39 GB
结束时间：2026年9月11日 上午10:47:30。
----- 研究 33/解 33 (sol33) 中的“编译方程: 稳态” ----------------------------------------->
<---- 研究 33/解 33 (sol33) 中的“因变量 1” ---------------------------------------------
开始于 2026年9月11日 上午10:47:30。
           当前进度:   5 % - 因变量 1
求解时间：0 s。
物理内存: 1.19 GB
虚拟内存: 1.39 GB
结束时间：2026年9月11日 上午10:47:30。
----- 研究 33/解 33 (sol33) 中的“因变量 1” -------------------------------------------->
<---- 研究 33/解 33 (sol33) 中的“稳态求解器 1” -------------------------------------------
开始于 2026年9月11日 上午10:47:30。
线性求解器
求解的自由度数：81464。
找到对称矩阵。
缩放因变量：
磁标势 (comp1.Vm): 1
已使用正交零空间函数。
---        当前进度:  36 % - 矩阵分解
Memory: 1326/1690 1531/1981
-----      当前进度:  56 % - 矩阵分解
Memory: 1470/1690 1943/1981
-------    当前进度:  74 % - 矩阵分解
Memory: 1570/1690 1943/1981
--------   当前进度:  81 % - 矩阵分解
Memory: 1617/1690 1943/1981
--------   当前进度:  88 % - 矩阵分解
Memory: 1644/1690 1943/1981
Iter      SolEst     Damping    Stepsize #Res #Jac #Sol   LinErr   LinRes
---------- 当前进度: 100 % - 求解线性方程组
Memory: 1654/1690 1948/1981
   1        0.96   1.0000000        0.96    1    1    1  2.8e-11  1.8e-14
求解时间：2 s。
物理内存: 1.65 GB
虚拟内存: 1.95 GB
结束时间：2026年9月11日 上午10:47:32。
----- 研究 33/解 33 (sol33) 中的“稳态求解器 1” ------------------------------------------>
           当前进度:   0 % - 
Memory: 1221/1690 1425/1981
<---- 研究 34/解 34 (sol34) 中的“编译方程: 稳态” ------------------------------------------
开始于 2026年9月11日 上午10:47:34。
几何形函数: 二次拉格朗日单元
在  上运行。
在以下位置使用 1 个插槽： Zifeng 上（共 8 个内核）。
可用内存：32.60 GB。
           当前进度:   0 % - 编译方程: 稳态
Memory: 1240/1690 1444/1981
在  上运行。
在以下位置使用 1 个插槽： Zifeng 上（共 8 个内核）。
可用内存：32.60 GB。
           当前进度:   5 % - 编译方程: 稳态
Memory: 1244/1690 1447/1981
时间：1。
物理内存: 1.25 GB
虚拟内存: 1.45 GB
结束时间：2026年9月11日 上午10:47:34。
----- 研究 34/解 34 (sol34) 中的“编译方程: 稳态” ----------------------------------------->
<---- 研究 34/解 34 (sol34) 中的“因变量 1” ---------------------------------------------
开始于 2026年9月11日 上午10:47:34。
           当前进度:   5 % - 因变量 1
Memory: 1243/1690 1446/1981
求解时间：0 s。
物理内存: 1.24 GB
虚拟内存: 1.45 GB
结束时间：2026年9月11日 上午10:47:34。
----- 研究 34/解 34 (sol34) 中的“因变量 1” -------------------------------------------->
<---- 研究 34/解 34 (sol34) 中的“稳态求解器 1” -------------------------------------------
开始于 2026年9月11日 上午10:47:34。
线性求解器
求解的自由度数：81464。
找到对称矩阵。
缩放因变量：
磁标势 (comp1.Vm): 1
已使用正交零空间函数。
---        当前进度:  36 % - 矩阵分解
Memory: 1359/1690 1581/1981
-----      当前进度:  53 % - 矩阵分解
Memory: 1484/1690 1971/1981
-------    当前进度:  72 % - 矩阵分解
Memory: 1588/1690 1971/1981
--------   当前进度:  80 % - 矩阵分解
Memory: 1633/1690 1971/1981
--------   当前进度:  88 % - 矩阵分解
Memory: 1673/1690 1971/1981
Iter      SolEst     Damping    Stepsize #Res #Jac #Sol   LinErr   LinRes
---------- 当前进度: 100 % - 求解线性方程组
Memory: 1686/1690 1976/1981
   1        0.96   1.0000000        0.96    1    1    1  1.1e-12  1.8e-14
求解时间：2 s。
物理内存: 1.69 GB
虚拟内存: 1.98 GB
结束时间：2026年9月11日 上午10:47:37。
----- 研究 34/解 34 (sol34) 中的“稳态求解器 1” ------------------------------------------>
           当前进度:   0 % - 
Memory: 1247/1690 1447/1981
<---- 研究 35/解 35 (sol35) 中的“编译方程: 稳态” ------------------------------------------
开始于 2026年9月11日 上午10:47:39。
几何形函数: 二次拉格朗日单元
在  上运行。
在以下位置使用 1 个插槽： Zifeng 上（共 8 个内核）。
可用内存：32.60 GB。
           当前进度:   0 % - 编译方程: 稳态
Memory: 1170/1690 1375/1981
在  上运行。
在以下位置使用 1 个插槽： Zifeng 上（共 8 个内核）。
可用内存：32.60 GB。
           当前进度:   5 % - 编译方程: 稳态
Memory: 1214/1690 1417/1981
时间：1。
物理内存: 1.21 GB
虚拟内存: 1.42 GB
结束时间：2026年9月11日 上午10:47:39。
----- 研究 35/解 35 (sol35) 中的“编译方程: 稳态” ----------------------------------------->
<---- 研究 35/解 35 (sol35) 中的“因变量 1” ---------------------------------------------
开始于 2026年9月11日 上午10:47:39。
           当前进度:   5 % - 因变量 1
Memory: 1215/1690 1418/1981
求解时间：0 s。
物理内存: 1.22 GB
虚拟内存: 1.42 GB
结束时间：2026年9月11日 上午10:47:39。
----- 研究 35/解 35 (sol35) 中的“因变量 1” -------------------------------------------->
<---- 研究 35/解 35 (sol35) 中的“稳态求解器 1” -------------------------------------------
开始于 2026年9月11日 上午10:47:39。
线性求解器
求解的自由度数：81464。
找到对称矩阵。
缩放因变量：
磁标势 (comp1.Vm): 1
已使用正交零空间函数。
---        当前进度:  36 % - 矩阵分解
Memory: 1368/1690 1576/1981
-----      当前进度:  54 % - 矩阵分解
Memory: 1494/1690 1972/1981
-------    当前进度:  74 % - 矩阵分解
Memory: 1603/1690 1972/1981
--------   当前进度:  83 % - 矩阵分解
Memory: 1653/1690 1972/1981
--------   当前进度:  88 % - 矩阵分解
Memory: 1676/1690 1972/1981
Iter      SolEst     Damping    Stepsize #Res #Jac #Sol   LinErr   LinRes
   1        0.96   1.0000000        0.96    1    1    1  1.2e-12  1.8e-14
---------- 当前进度: 100 % - 求解线性方程组
Memory: 1303/1690 1777/1981
求解时间：3 s。
物理内存: 1.68 GB
虚拟内存: 1.97 GB
结束时间：2026年9月11日 上午10:47:42。
----- 研究 35/解 35 (sol35) 中的“稳态求解器 1” ------------------------------------------>
           当前进度:   0 % - 
Memory: 1249/1690 1451/1981
<---- 研究 36/解 36 (sol36) 中的“编译方程: 稳态” ------------------------------------------
开始于 2026年9月11日 上午10:47:44。
几何形函数: 二次拉格朗日单元
在  上运行。
在以下位置使用 1 个插槽： Zifeng 上（共 8 个内核）。
可用内存：32.60 GB。
           当前进度:   0 % - 编译方程: 稳态
Memory: 1249/1690 1450/1981
在  上运行。
在以下位置使用 1 个插槽： Zifeng 上（共 8 个内核）。
可用内存：32.60 GB。
           当前进度:   5 % - 编译方程: 稳态
时间：1。
物理内存: 1.25 GB
虚拟内存: 1.45 GB
结束时间：2026年9月11日 上午10:47:45。
----- 研究 36/解 36 (sol36) 中的“编译方程: 稳态” ----------------------------------------->
<---- 研究 36/解 36 (sol36) 中的“因变量 1” ---------------------------------------------
开始于 2026年9月11日 上午10:47:45。
           当前进度:   5 % - 因变量 1
求解时间：0 s。
物理内存: 1.25 GB
虚拟内存: 1.45 GB
结束时间：2026年9月11日 上午10:47:45。
----- 研究 36/解 36 (sol36) 中的“因变量 1” -------------------------------------------->
<---- 研究 36/解 36 (sol36) 中的“稳态求解器 1” -------------------------------------------
开始于 2026年9月11日 上午10:47:45。
线性求解器
求解的自由度数：81464。
找到对称矩阵。
缩放因变量：
磁标势 (comp1.Vm): 1
已使用正交零空间函数。
---        当前进度:  36 % - 矩阵分解
Memory: 1381/1690 1585/1981
-----      当前进度:  55 % - 矩阵分解
Memory: 1509/1690 1979/1981
-------    当前进度:  75 % - 矩阵分解
Memory: 1611/1690 1979/1981
--------   当前进度:  84 % - 矩阵分解
Memory: 1660/1690 1979/1981
--------   当前进度:  88 % - 矩阵分解
Memory: 1683/1690 1979/1981
Iter      SolEst     Damping    Stepsize #Res #Jac #Sol   LinErr   LinRes
---------- 当前进度: 100 % - 求解线性方程组
Memory: 1691/1691 1981/1981
   1        0.96   1.0000000        0.96    1    1    1  1.1e-11  1.7e-14
求解时间：2 s。
物理内存: 1.69 GB
虚拟内存: 1.98 GB
结束时间：2026年9月11日 上午10:47:47。
----- 研究 36/解 36 (sol36) 中的“稳态求解器 1” ------------------------------------------>
           当前进度:   0 % - 
Memory: 1258/1691 1457/1981
<---- 研究 37/解 37 (sol37) 中的“编译方程: 稳态” ------------------------------------------
开始于 2026年9月11日 上午10:47:49。
几何形函数: 二次拉格朗日单元
在  上运行。
在以下位置使用 1 个插槽： Zifeng 上（共 8 个内核）。
可用内存：32.60 GB。
           当前进度:   0 % - 编译方程: 稳态
Memory: 1253/1691 1452/1981
在  上运行。
在以下位置使用 1 个插槽： Zifeng 上（共 8 个内核）。
可用内存：32.60 GB。
           当前进度:   5 % - 编译方程: 稳态
时间：1。
物理内存: 1.25 GB
虚拟内存: 1.45 GB
结束时间：2026年9月11日 上午10:47:49。
----- 研究 37/解 37 (sol37) 中的“编译方程: 稳态” ----------------------------------------->
<---- 研究 37/解 37 (sol37) 中的“因变量 1” ---------------------------------------------
开始于 2026年9月11日 上午10:47:49。
           当前进度:   5 % - 因变量 1
求解时间：0 s。
物理内存: 1.25 GB
虚拟内存: 1.45 GB
结束时间：2026年9月11日 上午10:47:49。
----- 研究 37/解 37 (sol37) 中的“因变量 1” -------------------------------------------->
<---- 研究 37/解 37 (sol37) 中的“稳态求解器 1” -------------------------------------------
开始于 2026年9月11日 上午10:47:49。
线性求解器
求解的自由度数：81464。
找到对称矩阵。
缩放因变量：
磁标势 (comp1.Vm): 1
已使用正交零空间函数。
---        当前进度:  36 % - 矩阵分解
Memory: 1385/1691 1587/1981
-----      当前进度:  52 % - 矩阵分解
Memory: 1492/1691 1980/1981
-------    当前进度:  71 % - 矩阵分解
Memory: 1595/1691 1980/1981
-------    当前进度:  79 % - 矩阵分解
Memory: 1644/1691 1980/1981
--------   当前进度:  88 % - 矩阵分解
Memory: 1683/1691 1980/1981
Iter      SolEst     Damping    Stepsize #Res #Jac #Sol   LinErr   LinRes
---------- 当前进度: 100 % - 求解线性方程组
Memory: 1695/1695 1984/1984
   1        0.96   1.0000000        0.96    1    1    1  7.4e-12  1.7e-14
求解时间：2 s。
物理内存: 1.7 GB
虚拟内存: 1.98 GB
结束时间：2026年9月11日 上午10:47:52。
----- 研究 37/解 37 (sol37) 中的“稳态求解器 1” ------------------------------------------>
           当前进度:   0 % - 
Memory: 1255/1695 1452/1984
<---- 研究 38/解 38 (sol38) 中的“编译方程: 稳态” ------------------------------------------
开始于 2026年9月11日 上午10:47:54。
几何形函数: 二次拉格朗日单元
在  上运行。
在以下位置使用 1 个插槽： Zifeng 上（共 8 个内核）。
可用内存：32.60 GB。
           当前进度:   0 % - 编译方程: 稳态
Memory: 1181/1695 1381/1984
在  上运行。
在以下位置使用 1 个插槽： Zifeng 上（共 8 个内核）。
可用内存：32.60 GB。
           当前进度:   5 % - 编译方程: 稳态
Memory: 1197/1695 1397/1984
时间：1。
物理内存: 1.2 GB
虚拟内存: 1.4 GB
结束时间：2026年9月11日 上午10:47:54。
----- 研究 38/解 38 (sol38) 中的“编译方程: 稳态” ----------------------------------------->
<---- 研究 38/解 38 (sol38) 中的“因变量 1” ---------------------------------------------
开始于 2026年9月11日 上午10:47:54。
           当前进度:   5 % - 因变量 1
Memory: 1205/1695 1403/1984
求解时间：0 s。
物理内存: 1.21 GB
虚拟内存: 1.4 GB
结束时间：2026年9月11日 上午10:47:54。
----- 研究 38/解 38 (sol38) 中的“因变量 1” -------------------------------------------->
<---- 研究 38/解 38 (sol38) 中的“稳态求解器 1” -------------------------------------------
开始于 2026年9月11日 上午10:47:55。
线性求解器
求解的自由度数：81464。
找到对称矩阵。
缩放因变量：
磁标势 (comp1.Vm): 1
已使用正交零空间函数。
---        当前进度:  36 % - 矩阵分解
Memory: 1360/1695 1565/1984
-----      当前进度:  53 % - 矩阵分解
Memory: 1479/1695 1963/1984
-------    当前进度:  72 % - 矩阵分解
Memory: 1584/1695 1963/1984
--------   当前进度:  81 % - 矩阵分解
Memory: 1634/1695 1963/1984
--------   当前进度:  87 % - 矩阵分解
Memory: 1666/1695 1963/1984
Iter      SolEst     Damping    Stepsize #Res #Jac #Sol   LinErr   LinRes
---------- 当前进度: 100 % - 求解线性方程组
Memory: 1673/1695 1963/1984
   1           1   1.0000000           1    1    1    1  1.1e-10  3.9e-13
求解时间：3 s。
物理内存: 1.67 GB
虚拟内存: 1.96 GB
结束时间：2026年9月11日 上午10:47:57。
----- 研究 38/解 38 (sol38) 中的“稳态求解器 1” ------------------------------------------>
           当前进度:   0 % - Moving Magnet Sphere x=26 mm
Memory: 1240/1695 1442/1984
           当前进度:   2 % - 圆柱体 2
           当前进度:   3 % - 圆柱体 3
           当前进度:   5 % - Air Domain R=200 mm
           当前进度:   7 % - Hole 1 Optimized
           当前进度:   9 % - Hole 2 Optimized
-          当前进度:  10 % - Hole 3 Optimized
-          当前进度:  12 % - point1
-          当前进度:  14 % - 钢片减去优化孔
-          当前进度:  14 % - 执行布尔操作
---        当前进度:  31 % - 旋转 1
----       当前进度:  48 % - 移动 1
------     当前进度:  66 % - 移动
--------   当前进度:  83 % - Form Union
--------   当前进度:  83 % - 执行布尔操作
---------- 当前进度: 100 % - 正在更新选择
顶点单元数：37
--         当前进度:  28 % - 正在创建边界网格
边单元数：484
边界单元数：4844
-------    当前进度:  76 % - 插入内部点
Memory: 1241/1695 1443/1984
---------  当前进度:  90 % - 提高单元质量
Memory: 1242/1695 1444/1984
单元数：60846
最小单元质量：0.2225
---------- 当前进度: 100 % - 正在定型网格
Memory: 1242/1695 1443/1984
---------- 当前进度: 100 % - 正在分析几何
Memory: 1243/1695 1443/1984
           当前进度:   0 % - 
Memory: 1244/1695 1443/1984
<---- 研究 39/解 39 (sol39) 中的“编译方程: 稳态” ------------------------------------------
开始于 2026年9月11日 上午10:48:02。
几何形函数: 二次拉格朗日单元
在  上运行。
在以下位置使用 1 个插槽： Zifeng 上（共 8 个内核）。
可用内存：32.60 GB。
           当前进度:   0 % - 编译方程: 稳态
在  上运行。
在以下位置使用 1 个插槽： Zifeng 上（共 8 个内核）。
可用内存：32.60 GB。
           当前进度:   3 % - 编译方程: 稳态
Memory: 1257/1695 1455/1984
           当前进度:   5 % - 编译方程: 稳态
Memory: 1252/1695 1449/1984
时间：1。
物理内存: 1.26 GB
虚拟内存: 1.46 GB
结束时间：2026年9月11日 上午10:48:03。
----- 研究 39/解 39 (sol39) 中的“编译方程: 稳态” ----------------------------------------->
<---- 研究 39/解 39 (sol39) 中的“因变量 1” ---------------------------------------------
开始于 2026年9月11日 上午10:48:03。
           当前进度:   5 % - 因变量 1
Memory: 1253/1695 1450/1984
求解时间：0 s。
物理内存: 1.25 GB
虚拟内存: 1.45 GB
结束时间：2026年9月11日 上午10:48:03。
----- 研究 39/解 39 (sol39) 中的“因变量 1” -------------------------------------------->
<---- 研究 39/解 39 (sol39) 中的“稳态求解器 1” -------------------------------------------
开始于 2026年9月11日 上午10:48:03。
线性求解器
求解的自由度数：81768。
找到对称矩阵。
缩放因变量：
磁标势 (comp1.Vm): 1
已使用正交零空间函数。
---        当前进度:  36 % - 矩阵分解
Memory: 1383/1695 1616/1984
----       当前进度:  46 % - 矩阵分解
Memory: 1482/1695 2193/2194
------     当前进度:  66 % - 矩阵分解
Memory: 1599/1695 2200/2200
-------    当前进度:  78 % - 矩阵分解
Memory: 1666/1695 2200/2200
--------   当前进度:  85 % - 矩阵分解
Memory: 1708/1708 2201/2201
---------  当前进度:  90 % - 矩阵分解
Memory: 1720/1720 2201/2201
Iter      SolEst     Damping    Stepsize #Res #Jac #Sol   LinErr   LinRes
   1        0.96   1.0000000        0.96    1    1    1  4.2e-12  1.8e-14
---------- 当前进度: 100 % - 求解线性方程组
Memory: 1273/1727 1658/2206
求解时间：3 s。
物理内存: 1.73 GB
虚拟内存: 2.21 GB
结束时间：2026年9月11日 上午10:48:06。
----- 研究 39/解 39 (sol39) 中的“稳态求解器 1” ------------------------------------------>
           当前进度:   0 % - 
Memory: 1274/1727 1658/2206
<---- 研究 40/解 40 (sol40) 中的“编译方程: 稳态” ------------------------------------------
开始于 2026年9月11日 上午10:48:08。
几何形函数: 二次拉格朗日单元
在  上运行。
在以下位置使用 1 个插槽： Zifeng 上（共 8 个内核）。
可用内存：32.60 GB。
           当前进度:   0 % - 编译方程: 稳态
Memory: 1274/1727 1657/2206
在  上运行。
在以下位置使用 1 个插槽： Zifeng 上（共 8 个内核）。
可用内存：32.60 GB。
           当前进度:   5 % - 编译方程: 稳态
Memory: 1283/1727 1666/2206
时间：1。
物理内存: 1.28 GB
虚拟内存: 1.67 GB
结束时间：2026年9月11日 上午10:48:09。
----- 研究 40/解 40 (sol40) 中的“编译方程: 稳态” ----------------------------------------->
<---- 研究 40/解 40 (sol40) 中的“因变量 1” ---------------------------------------------
开始于 2026年9月11日 上午10:48:09。
           当前进度:   5 % - 因变量 1
Memory: 1280/1727 1663/2206
求解时间：0 s。
物理内存: 1.28 GB
虚拟内存: 1.66 GB
结束时间：2026年9月11日 上午10:48:09。
----- 研究 40/解 40 (sol40) 中的“因变量 1” -------------------------------------------->
<---- 研究 40/解 40 (sol40) 中的“稳态求解器 1” -------------------------------------------
开始于 2026年9月11日 上午10:48:09。
线性求解器
求解的自由度数：81768。
找到对称矩阵。
缩放因变量：
磁标势 (comp1.Vm): 1
已使用正交零空间函数。
---        当前进度:  36 % - 矩阵分解
Memory: 1420/1727 1804/2206
-----      当前进度:  55 % - 矩阵分解
Memory: 1545/1727 2204/2206
-------    当前进度:  73 % - 矩阵分解
Memory: 1646/1727 2205/2206
--------   当前进度:  82 % - 矩阵分解
Memory: 1696/1727 2205/2206
--------   当前进度:  88 % - 矩阵分解
Memory: 1726/1728 2205/2239
Iter      SolEst     Damping    Stepsize #Res #Jac #Sol   LinErr   LinRes
---------- 当前进度: 100 % - 求解线性方程组
Memory: 1719/1728 2192/2239
   1        0.96   1.0000000        0.96    1    1    1  2.7e-11  1.7e-14
求解时间：3 s。
物理内存: 1.73 GB
虚拟内存: 2.24 GB
结束时间：2026年9月11日 上午10:48:12。
----- 研究 40/解 40 (sol40) 中的“稳态求解器 1” ------------------------------------------>
           当前进度:   0 % - 
Memory: 1264/1728 1648/2239
<---- 研究 41/解 41 (sol41) 中的“编译方程: 稳态” ------------------------------------------
开始于 2026年9月11日 上午10:48:14。
几何形函数: 二次拉格朗日单元
在  上运行。
在以下位置使用 1 个插槽： Zifeng 上（共 8 个内核）。
可用内存：32.60 GB。
           当前进度:   0 % - 编译方程: 稳态
Memory: 1236/1728 1618/2239
在  上运行。
在以下位置使用 1 个插槽： Zifeng 上（共 8 个内核）。
可用内存：32.60 GB。
           当前进度:   5 % - 编译方程: 稳态
Memory: 1250/1728 1634/2239
时间：1。
物理内存: 1.25 GB
虚拟内存: 1.63 GB
结束时间：2026年9月11日 上午10:48:14。
----- 研究 41/解 41 (sol41) 中的“编译方程: 稳态” ----------------------------------------->
<---- 研究 41/解 41 (sol41) 中的“因变量 1” ---------------------------------------------
开始于 2026年9月11日 上午10:48:14。
           当前进度:   5 % - 因变量 1
Memory: 1251/1728 1635/2239
求解时间：0 s。
物理内存: 1.25 GB
虚拟内存: 1.63 GB
结束时间：2026年9月11日 上午10:48:14。
----- 研究 41/解 41 (sol41) 中的“因变量 1” -------------------------------------------->
<---- 研究 41/解 41 (sol41) 中的“稳态求解器 1” -------------------------------------------
开始于 2026年9月11日 上午10:48:14。
线性求解器
求解的自由度数：81768。
找到对称矩阵。
缩放因变量：
磁标势 (comp1.Vm): 1
已使用正交零空间函数。
---        当前进度:  36 % - 矩阵分解
Memory: 1402/1728 1789/2239
-----      当前进度:  50 % - 矩阵分解
Memory: 1510/1728 2198/2239
-------    当前进度:  70 % - 矩阵分解
Memory: 1619/1728 2198/2239
--------   当前进度:  81 % - 矩阵分解
Memory: 1680/1728 2198/2239
--------   当前进度:  88 % - 矩阵分解
Memory: 1717/1728 2198/2239
Iter      SolEst     Damping    Stepsize #Res #Jac #Sol   LinErr   LinRes
   1        0.95   1.0000000        0.95    1    1    1  2.2e-11  1.8e-14
---------- 当前进度: 100 % - 求解线性方程组
Memory: 1705/1728 2180/2239
求解时间：3 s。
物理内存: 1.72 GB
虚拟内存: 2.2 GB
结束时间：2026年9月11日 上午10:48:17。
----- 研究 41/解 41 (sol41) 中的“稳态求解器 1” ------------------------------------------>
           当前进度:   0 % - 
Memory: 1280/1728 1663/2239
<---- 研究 42/解 42 (sol42) 中的“编译方程: 稳态” ------------------------------------------
开始于 2026年9月11日 上午10:48:19。
几何形函数: 二次拉格朗日单元
在  上运行。
在以下位置使用 1 个插槽： Zifeng 上（共 8 个内核）。
可用内存：32.60 GB。
           当前进度:   0 % - 编译方程: 稳态
Memory: 1283/1728 1667/2239
在  上运行。
在以下位置使用 1 个插槽： Zifeng 上（共 8 个内核）。
可用内存：32.60 GB。
           当前进度:   5 % - 编译方程: 稳态
Memory: 1284/1728 1667/2239
时间：1。
物理内存: 1.28 GB
虚拟内存: 1.67 GB
结束时间：2026年9月11日 上午10:48:20。
----- 研究 42/解 42 (sol42) 中的“编译方程: 稳态” ----------------------------------------->
<---- 研究 42/解 42 (sol42) 中的“因变量 1” ---------------------------------------------
开始于 2026年9月11日 上午10:48:20。
           当前进度:   5 % - 因变量 1
求解时间：0 s。
物理内存: 1.28 GB
虚拟内存: 1.67 GB
结束时间：2026年9月11日 上午10:48:20。
----- 研究 42/解 42 (sol42) 中的“因变量 1” -------------------------------------------->
<---- 研究 42/解 42 (sol42) 中的“稳态求解器 1” -------------------------------------------
开始于 2026年9月11日 上午10:48:20。
线性求解器
求解的自由度数：81768。
找到对称矩阵。
缩放因变量：
磁标势 (comp1.Vm): 1
已使用正交零空间函数。
---        当前进度:  36 % - 矩阵分解
Memory: 1415/1728 1804/2239
-----      当前进度:  52 % - 矩阵分解
Memory: 1525/1728 2206/2239
-------    当前进度:  71 % - 矩阵分解
Memory: 1634/1728 2206/2239
--------   当前进度:  82 % - 矩阵分解
Memory: 1689/1728 2206/2239
--------   当前进度:  87 % - 矩阵分解
Memory: 1722/1728 2206/2239
Iter      SolEst     Damping    Stepsize #Res #Jac #Sol   LinErr   LinRes
---------- 当前进度: 100 % - 求解线性方程组
Memory: 1714/1728 2190/2239
   1        0.95   1.0000000        0.95    1    1    1    6e-12  1.8e-14
求解时间：3 s。
物理内存: 1.72 GB
虚拟内存: 2.21 GB
结束时间：2026年9月11日 上午10:48:23。
----- 研究 42/解 42 (sol42) 中的“稳态求解器 1” ------------------------------------------>
           当前进度:   0 % - 
Memory: 1294/1728 1677/2239
<---- 研究 43/解 43 (sol43) 中的“编译方程: 稳态” ------------------------------------------
开始于 2026年9月11日 上午10:48:25。
几何形函数: 二次拉格朗日单元
在  上运行。
在以下位置使用 1 个插槽： Zifeng 上（共 8 个内核）。
可用内存：32.60 GB。
           当前进度:   0 % - 编译方程: 稳态
Memory: 1238/1728 1624/2239
在  上运行。
在以下位置使用 1 个插槽： Zifeng 上（共 8 个内核）。
可用内存：32.60 GB。
           当前进度:   5 % - 编译方程: 稳态
Memory: 1253/1728 1637/2239
时间：1。
物理内存: 1.25 GB
虚拟内存: 1.64 GB
结束时间：2026年9月11日 上午10:48:25。
----- 研究 43/解 43 (sol43) 中的“编译方程: 稳态” ----------------------------------------->
<---- 研究 43/解 43 (sol43) 中的“因变量 1” ---------------------------------------------
开始于 2026年9月11日 上午10:48:25。
           当前进度:   5 % - 因变量 1
Memory: 1254/1728 1638/2239
求解时间：0 s。
物理内存: 1.25 GB
虚拟内存: 1.64 GB
结束时间：2026年9月11日 上午10:48:25。
----- 研究 43/解 43 (sol43) 中的“因变量 1” -------------------------------------------->
<---- 研究 43/解 43 (sol43) 中的“稳态求解器 1” -------------------------------------------
开始于 2026年9月11日 上午10:48:26。
线性求解器
求解的自由度数：81768。
找到对称矩阵。
缩放因变量：
磁标势 (comp1.Vm): 1
已使用正交零空间函数。
---        当前进度:  36 % - 矩阵分解
Memory: 1367/1728 1756/2239
----       当前进度:  46 % - 矩阵分解
Memory: 1487/1728 2203/2239
------     当前进度:  66 % - 矩阵分解
Memory: 1601/1728 2203/2239
-------    当前进度:  78 % - 矩阵分解
Memory: 1669/1728 2203/2239
--------   当前进度:  87 % - 矩阵分解
Memory: 1716/1728 2203/2239
---------  当前进度:  90 % - 矩阵分解
Memory: 1710/1728 2185/2239
Iter      SolEst     Damping    Stepsize #Res #Jac #Sol   LinErr   LinRes
   1        0.95   1.0000000        0.95    1    1    1  2.7e-12  1.8e-14
---------- 当前进度: 100 % - 求解线性方程组
Memory: 1299/1728 1685/2239
求解时间：3 s。
物理内存: 1.72 GB
虚拟内存: 2.2 GB
结束时间：2026年9月11日 上午10:48:28。
----- 研究 43/解 43 (sol43) 中的“稳态求解器 1” ------------------------------------------>
           当前进度:   0 % - 
Memory: 1284/1728 1668/2239
<---- 研究 44/解 44 (sol44) 中的“编译方程: 稳态” ------------------------------------------
开始于 2026年9月11日 上午10:48:30。
几何形函数: 二次拉格朗日单元
在  上运行。
在以下位置使用 1 个插槽： Zifeng 上（共 8 个内核）。
可用内存：32.60 GB。
           当前进度:   0 % - 编译方程: 稳态
Memory: 1284/1728 1669/2239
在  上运行。
在以下位置使用 1 个插槽： Zifeng 上（共 8 个内核）。
可用内存：32.60 GB。
           当前进度:   5 % - 编译方程: 稳态
Memory: 1288/1728 1669/2239
时间：1。
物理内存: 1.29 GB
虚拟内存: 1.67 GB
结束时间：2026年9月11日 上午10:48:31。
----- 研究 44/解 44 (sol44) 中的“编译方程: 稳态” ----------------------------------------->
<---- 研究 44/解 44 (sol44) 中的“因变量 1” ---------------------------------------------
开始于 2026年9月11日 上午10:48:31。
           当前进度:   5 % - 因变量 1
求解时间：0 s。
物理内存: 1.29 GB
虚拟内存: 1.67 GB
结束时间：2026年9月11日 上午10:48:31。
----- 研究 44/解 44 (sol44) 中的“因变量 1” -------------------------------------------->
<---- 研究 44/解 44 (sol44) 中的“稳态求解器 1” -------------------------------------------
开始于 2026年9月11日 上午10:48:31。
线性求解器
求解的自由度数：81768。
找到对称矩阵。
缩放因变量：
磁标势 (comp1.Vm): 1
已使用正交零空间函数。
---        当前进度:  36 % - 矩阵分解
Memory: 1429/1728 1814/2239
-----      当前进度:  51 % - 矩阵分解
Memory: 1530/1728 2217/2239
------     当前进度:  69 % - 矩阵分解
Memory: 1639/1728 2217/2239
-------    当前进度:  79 % - 矩阵分解
Memory: 1697/1728 2217/2239
--------   当前进度:  86 % - 矩阵分解
Memory: 1732/1734 2217/2250
---------  当前进度:  90 % - 矩阵分解
Memory: 1726/1734 2199/2250
Iter      SolEst     Damping    Stepsize #Res #Jac #Sol   LinErr   LinRes
   1        0.95   1.0000000        0.95    1    1    1  6.6e-12  1.8e-14
---------- 当前进度: 100 % - 求解线性方程组
Memory: 1319/1734 1702/2250
求解时间：3 s。
物理内存: 1.73 GB
虚拟内存: 2.25 GB
结束时间：2026年9月11日 上午10:48:34。
----- 研究 44/解 44 (sol44) 中的“稳态求解器 1” ------------------------------------------>
           当前进度:   0 % - 
Memory: 1301/1734 1682/2250
<---- 研究 45/解 45 (sol45) 中的“编译方程: 稳态” ------------------------------------------
开始于 2026年9月11日 上午10:48:36。
几何形函数: 二次拉格朗日单元
在  上运行。
在以下位置使用 1 个插槽： Zifeng 上（共 8 个内核）。
可用内存：32.60 GB。
           当前进度:   0 % - 编译方程: 稳态
Memory: 1304/1734 1687/2250
在  上运行。
在以下位置使用 1 个插槽： Zifeng 上（共 8 个内核）。
可用内存：32.60 GB。
           当前进度:   5 % - 编译方程: 稳态
时间：1。
物理内存: 1.3 GB
虚拟内存: 1.69 GB
结束时间：2026年9月11日 上午10:48:37。
----- 研究 45/解 45 (sol45) 中的“编译方程: 稳态” ----------------------------------------->
<---- 研究 45/解 45 (sol45) 中的“因变量 1” ---------------------------------------------
开始于 2026年9月11日 上午10:48:37。
           当前进度:   5 % - 因变量 1
求解时间：0 s。
物理内存: 1.3 GB
虚拟内存: 1.69 GB
结束时间：2026年9月11日 上午10:48:37。
----- 研究 45/解 45 (sol45) 中的“因变量 1” -------------------------------------------->
<---- 研究 45/解 45 (sol45) 中的“稳态求解器 1” -------------------------------------------
开始于 2026年9月11日 上午10:48:37。
线性求解器
求解的自由度数：81768。
找到对称矩阵。
缩放因变量：
磁标势 (comp1.Vm): 1
已使用正交零空间函数。
---        当前进度:  36 % - 矩阵分解
Memory: 1437/1734 1822/2250
----       当前进度:  48 % - 矩阵分解
Memory: 1525/1734 2220/2250
------     当前进度:  68 % - 矩阵分解
Memory: 1640/1734 2220/2250
-------    当前进度:  79 % - 矩阵分解
Memory: 1700/1734 2220/2250
--------   当前进度:  86 % - 矩阵分解
Memory: 1718/1736 2202/2253
---------  当前进度:  90 % - 矩阵分解
Memory: 1731/1736 2202/2253
Iter      SolEst     Damping    Stepsize #Res #Jac #Sol   LinErr   LinRes
   1        0.95   1.0000000        0.95    1    1    1  5.8e-12  1.8e-14
---------- 当前进度: 100 % - 求解线性方程组
Memory: 1306/1736 1687/2253
求解时间：3 s。
物理内存: 1.74 GB
虚拟内存: 2.25 GB
结束时间：2026年9月11日 上午10:48:39。
----- 研究 45/解 45 (sol45) 中的“稳态求解器 1” ------------------------------------------>
           当前进度:   0 % - 
Memory: 1307/1736 1687/2253
<---- 研究 46/解 46 (sol46) 中的“编译方程: 稳态” ------------------------------------------
开始于 2026年9月11日 上午10:48:42。
几何形函数: 二次拉格朗日单元
在  上运行。
在以下位置使用 1 个插槽： Zifeng 上（共 8 个内核）。
可用内存：32.60 GB。
           当前进度:   0 % - 编译方程: 稳态
Memory: 1309/1736 1690/2253
在  上运行。
在以下位置使用 1 个插槽： Zifeng 上（共 8 个内核）。
可用内存：32.60 GB。
           当前进度:   5 % - 编译方程: 稳态
Memory: 1310/1736 1690/2253
时间：1。
物理内存: 1.31 GB
虚拟内存: 1.69 GB
结束时间：2026年9月11日 上午10:48:42。
----- 研究 46/解 46 (sol46) 中的“编译方程: 稳态” ----------------------------------------->
<---- 研究 46/解 46 (sol46) 中的“因变量 1” ---------------------------------------------
开始于 2026年9月11日 上午10:48:43。
           当前进度:   5 % - 因变量 1
求解时间：0 s。
物理内存: 1.31 GB
虚拟内存: 1.69 GB
结束时间：2026年9月11日 上午10:48:43。
----- 研究 46/解 46 (sol46) 中的“因变量 1” -------------------------------------------->
<---- 研究 46/解 46 (sol46) 中的“稳态求解器 1” -------------------------------------------
开始于 2026年9月11日 上午10:48:43。
线性求解器
求解的自由度数：81768。
找到对称矩阵。
缩放因变量：
磁标势 (comp1.Vm): 1
已使用正交零空间函数。
---        当前进度:  36 % - 矩阵分解
Memory: 1445/1736 1828/2253
-----      当前进度:  51 % - 矩阵分解
Memory: 1548/1736 2235/2253
------     当前进度:  69 % - 矩阵分解
Memory: 1658/1736 2235/2253
-------    当前进度:  78 % - 矩阵分解
Memory: 1734/1736 2235/2268
--------   当前进度:  89 % - 矩阵分解
Memory: 1740/1740 2217/2268
Iter      SolEst     Damping    Stepsize #Res #Jac #Sol   LinErr   LinRes
   1        0.95   1.0000000        0.95    1    1    1  4.7e-11  1.8e-14
---------- 当前进度: 100 % - 求解线性方程组
Memory: 1748/1750 2220/2268
求解时间：3 s。
物理内存: 1.75 GB
虚拟内存: 2.27 GB
结束时间：2026年9月11日 上午10:48:45。
----- 研究 46/解 46 (sol46) 中的“稳态求解器 1” ------------------------------------------>
           当前进度:   0 % - 
Memory: 1326/1750 1705/2268
<---- 研究 47/解 47 (sol47) 中的“编译方程: 稳态” ------------------------------------------
开始于 2026年9月11日 上午10:48:48。
几何形函数: 二次拉格朗日单元
在  上运行。
在以下位置使用 1 个插槽： Zifeng 上（共 8 个内核）。
可用内存：32.60 GB。
           当前进度:   0 % - 编译方程: 稳态
Memory: 1323/1750 1702/2268
在  上运行。
在以下位置使用 1 个插槽： Zifeng 上（共 8 个内核）。
可用内存：32.60 GB。
           当前进度:   5 % - 编译方程: 稳态
Memory: 1326/1750 1704/2268
时间：1。
物理内存: 1.33 GB
虚拟内存: 1.7 GB
结束时间：2026年9月11日 上午10:48:48。
----- 研究 47/解 47 (sol47) 中的“编译方程: 稳态” ----------------------------------------->
<---- 研究 47/解 47 (sol47) 中的“因变量 1” ---------------------------------------------
开始于 2026年9月11日 上午10:48:48。
           当前进度:   5 % - 因变量 1
求解时间：0 s。
物理内存: 1.33 GB
虚拟内存: 1.7 GB
结束时间：2026年9月11日 上午10:48:49。
----- 研究 47/解 47 (sol47) 中的“因变量 1” -------------------------------------------->
<---- 研究 47/解 47 (sol47) 中的“稳态求解器 1” -------------------------------------------
开始于 2026年9月11日 上午10:48:49。
线性求解器
求解的自由度数：81768。
找到对称矩阵。
缩放因变量：
磁标势 (comp1.Vm): 1
已使用正交零空间函数。
---        当前进度:  36 % - 矩阵分解
Memory: 1460/1750 1845/2268
-----      当前进度:  53 % - 矩阵分解
Memory: 1572/1750 2249/2268
-------    当前进度:  71 % - 矩阵分解
Memory: 1680/1750 2249/2268
--------   当前进度:  80 % - 矩阵分解
Memory: 1710/1750 2230/2282
--------   当前进度:  87 % - 矩阵分解
Memory: 1747/1750 2230/2282
---------  当前进度:  90 % - 矩阵分解
Memory: 1757/1757 2230/2282
Iter      SolEst     Damping    Stepsize #Res #Jac #Sol   LinErr   LinRes
   1        0.95   1.0000000        0.95    1    1    1  9.3e-12  1.8e-14
---------- 当前进度: 100 % - 求解线性方程组
Memory: 1343/1760 1724/2282
求解时间：3 s。
物理内存: 1.76 GB
虚拟内存: 2.28 GB
结束时间：2026年9月11日 上午10:48:51。
----- 研究 47/解 47 (sol47) 中的“稳态求解器 1” ------------------------------------------>
           当前进度:   0 % - 
Memory: 1326/1760 1705/2282
<---- 研究 48/解 48 (sol48) 中的“编译方程: 稳态” ------------------------------------------
开始于 2026年9月11日 上午10:48:54。
几何形函数: 二次拉格朗日单元
在  上运行。
在以下位置使用 1 个插槽： Zifeng 上（共 8 个内核）。
可用内存：32.60 GB。
           当前进度:   0 % - 编译方程: 稳态
Memory: 1324/1760 1703/2282
在  上运行。
在以下位置使用 1 个插槽： Zifeng 上（共 8 个内核）。
可用内存：32.60 GB。
           当前进度:   5 % - 编译方程: 稳态
时间：1。
物理内存: 1.32 GB
虚拟内存: 1.7 GB
结束时间：2026年9月11日 上午10:48:54。
----- 研究 48/解 48 (sol48) 中的“编译方程: 稳态” ----------------------------------------->
<---- 研究 48/解 48 (sol48) 中的“因变量 1” ---------------------------------------------
开始于 2026年9月11日 上午10:48:54。
           当前进度:   5 % - 因变量 1
Memory: 1323/1760 1702/2282
求解时间：0 s。
物理内存: 1.32 GB
虚拟内存: 1.7 GB
结束时间：2026年9月11日 上午10:48:55。
----- 研究 48/解 48 (sol48) 中的“因变量 1” -------------------------------------------->
<---- 研究 48/解 48 (sol48) 中的“稳态求解器 1” -------------------------------------------
开始于 2026年9月11日 上午10:48:55。
线性求解器
求解的自由度数：81768。
找到对称矩阵。
缩放因变量：
磁标势 (comp1.Vm): 1
已使用正交零空间函数。
---        当前进度:  36 % - 矩阵分解
Memory: 1420/1760 1802/2282
----       当前进度:  47 % - 矩阵分解
Memory: 1534/1760 2239/2282
------     当前进度:  67 % - 矩阵分解
Memory: 1651/1760 2239/2282
-------    当前进度:  77 % - 矩阵分解
Memory: 1688/1760 2221/2282
--------   当前进度:  86 % - 矩阵分解
Memory: 1735/1760 2221/2282
--------   当前进度:  89 % - 矩阵分解
Memory: 1748/1760 2221/2282
Iter      SolEst     Damping    Stepsize #Res #Jac #Sol   LinErr   LinRes
   1        0.95   1.0000000        0.95    1    1    1  8.9e-13  1.8e-14
---------- 当前进度: 100 % - 求解线性方程组
Memory: 1326/1760 1705/2282
求解时间：3 s。
物理内存: 1.75 GB
虚拟内存: 2.24 GB
结束时间：2026年9月11日 上午10:48:57。
----- 研究 48/解 48 (sol48) 中的“稳态求解器 1” ------------------------------------------>
           当前进度:   0 % - 
Memory: 1323/1760 1702/2282
<---- 研究 49/解 49 (sol49) 中的“编译方程: 稳态” ------------------------------------------
开始于 2026年9月11日 上午10:49:00。
几何形函数: 二次拉格朗日单元
在  上运行。
在以下位置使用 1 个插槽： Zifeng 上（共 8 个内核）。
可用内存：32.60 GB。
           当前进度:   0 % - 编译方程: 稳态
Memory: 1248/1760 1629/2282
在  上运行。
在以下位置使用 1 个插槽： Zifeng 上（共 8 个内核）。
可用内存：32.60 GB。
           当前进度:   5 % - 编译方程: 稳态
Memory: 1266/1760 1647/2282
时间：1。
物理内存: 1.27 GB
虚拟内存: 1.65 GB
结束时间：2026年9月11日 上午10:49:00。
----- 研究 49/解 49 (sol49) 中的“编译方程: 稳态” ----------------------------------------->
<---- 研究 49/解 49 (sol49) 中的“因变量 1” ---------------------------------------------
开始于 2026年9月11日 上午10:49:00。
           当前进度:   5 % - 因变量 1
Memory: 1267/1760 1647/2282
求解时间：0 s。
物理内存: 1.27 GB
虚拟内存: 1.65 GB
结束时间：2026年9月11日 上午10:49:00。
----- 研究 49/解 49 (sol49) 中的“因变量 1” -------------------------------------------->
<---- 研究 49/解 49 (sol49) 中的“稳态求解器 1” -------------------------------------------
开始于 2026年9月11日 上午10:49:00。
线性求解器
求解的自由度数：81768。
找到对称矩阵。
缩放因变量：
磁标势 (comp1.Vm): 1
已使用正交零空间函数。
---        当前进度:  36 % - 矩阵分解
Memory: 1365/1760 1748/2282
----       当前进度:  45 % - 矩阵分解
Memory: 1485/1760 2200/2282
------     当前进度:  66 % - 矩阵分解
Memory: 1602/1760 2200/2282
-------    当前进度:  78 % - 矩阵分解
Memory: 1671/1760 2200/2282
--------   当前进度:  87 % - 矩阵分解
Memory: 1719/1760 2200/2282
---------  当前进度:  90 % - 矩阵分解
Memory: 1728/1760 2200/2282
Iter      SolEst     Damping    Stepsize #Res #Jac #Sol   LinErr   LinRes
   1        0.95   1.0000000        0.95    1    1    1  5.2e-12  1.8e-14
---------- 当前进度: 100 % - 求解线性方程组
Memory: 1306/1760 1688/2282
求解时间：2 s。
物理内存: 1.73 GB
虚拟内存: 2.2 GB
结束时间：2026年9月11日 上午10:49:03。
----- 研究 49/解 49 (sol49) 中的“稳态求解器 1” ------------------------------------------>
           当前进度:   0 % - 
Memory: 1290/1760 1671/2282
<---- 研究 50/解 50 (sol50) 中的“编译方程: 稳态” ------------------------------------------
开始于 2026年9月11日 上午10:49:05。
几何形函数: 二次拉格朗日单元
在  上运行。
在以下位置使用 1 个插槽： Zifeng 上（共 8 个内核）。
可用内存：32.60 GB。
           当前进度:   0 % - 编译方程: 稳态
Memory: 1292/1760 1672/2282
在  上运行。
在以下位置使用 1 个插槽： Zifeng 上（共 8 个内核）。
可用内存：32.60 GB。
           当前进度:   5 % - 编译方程: 稳态
时间：1。
物理内存: 1.29 GB
虚拟内存: 1.67 GB
结束时间：2026年9月11日 上午10:49:06。
----- 研究 50/解 50 (sol50) 中的“编译方程: 稳态” ----------------------------------------->
<---- 研究 50/解 50 (sol50) 中的“因变量 1” ---------------------------------------------
开始于 2026年9月11日 上午10:49:06。
           当前进度:   5 % - 因变量 1
求解时间：0 s。
物理内存: 1.29 GB
虚拟内存: 1.67 GB
结束时间：2026年9月11日 上午10:49:06。
----- 研究 50/解 50 (sol50) 中的“因变量 1” -------------------------------------------->
<---- 研究 50/解 50 (sol50) 中的“稳态求解器 1” -------------------------------------------
开始于 2026年9月11日 上午10:49:06。
线性求解器
求解的自由度数：81768。
找到对称矩阵。
缩放因变量：
磁标势 (comp1.Vm): 1
已使用正交零空间函数。
---        当前进度:  36 % - 矩阵分解
Memory: 1409/1760 1812/2282
----       当前进度:  47 % - 矩阵分解
Memory: 1514/1760 2213/2282
------     当前进度:  67 % - 矩阵分解
Memory: 1626/1760 2213/2282
-------    当前进度:  78 % - 矩阵分解
Memory: 1689/1760 2213/2282
--------   当前进度:  88 % - 矩阵分解
Memory: 1732/1760 2213/2282
---------  当前进度:  90 % - 矩阵分解
Memory: 1742/1760 2213/2282
Iter      SolEst     Damping    Stepsize #Res #Jac #Sol   LinErr   LinRes
   1        0.95   1.0000000        0.95    1    1    1  1.4e-11  1.7e-14
---------- 当前进度: 100 % - 求解线性方程组
Memory: 1317/1760 1699/2282
求解时间：2 s。
物理内存: 1.74 GB
虚拟内存: 2.21 GB
结束时间：2026年9月11日 上午10:49:08。
----- 研究 50/解 50 (sol50) 中的“稳态求解器 1” ------------------------------------------>
           当前进度:   0 % - 
Memory: 1311/1760 1691/2282
<---- 研究 51/解 51 (sol51) 中的“编译方程: 稳态” ------------------------------------------
开始于 2026年9月11日 上午10:49:11。
几何形函数: 二次拉格朗日单元
在  上运行。
在以下位置使用 1 个插槽： Zifeng 上（共 8 个内核）。
可用内存：32.60 GB。
           当前进度:   0 % - 编译方程: 稳态
Memory: 1312/1760 1691/2282
在  上运行。
在以下位置使用 1 个插槽： Zifeng 上（共 8 个内核）。
可用内存：32.60 GB。
           当前进度:   5 % - 编译方程: 稳态
时间：1。
物理内存: 1.31 GB
虚拟内存: 1.69 GB
结束时间：2026年9月11日 上午10:49:11。
----- 研究 51/解 51 (sol51) 中的“编译方程: 稳态” ----------------------------------------->
<---- 研究 51/解 51 (sol51) 中的“因变量 1” ---------------------------------------------
开始于 2026年9月11日 上午10:49:11。
           当前进度:   5 % - 因变量 1
求解时间：0 s。
物理内存: 1.31 GB
虚拟内存: 1.69 GB
结束时间：2026年9月11日 上午10:49:11。
----- 研究 51/解 51 (sol51) 中的“因变量 1” -------------------------------------------->
<---- 研究 51/解 51 (sol51) 中的“稳态求解器 1” -------------------------------------------
开始于 2026年9月11日 上午10:49:11。
线性求解器
求解的自由度数：81768。
找到对称矩阵。
缩放因变量：
磁标势 (comp1.Vm): 1
已使用正交零空间函数。
---        当前进度:  36 % - 矩阵分解
Memory: 1442/1760 1825/2282
-----      当前进度:  52 % - 矩阵分解
Memory: 1552/1760 2224/2282
-------    当前进度:  70 % - 矩阵分解
Memory: 1654/1760 2224/2282
--------   当前进度:  81 % - 矩阵分解
Memory: 1709/1760 2224/2282
--------   当前进度:  86 % - 矩阵分解
Memory: 1745/1760 2224/2282
---------  当前进度:  90 % - 矩阵分解
Memory: 1754/1760 2224/2282
Iter      SolEst     Damping    Stepsize #Res #Jac #Sol   LinErr   LinRes
   1        0.95   1.0000000        0.95    1    1    1  2.2e-11  1.7e-14
---------- 当前进度: 100 % - 求解线性方程组
Memory: 1347/1760 1727/2282
求解时间：2 s。
物理内存: 1.75 GB
虚拟内存: 2.22 GB
结束时间：2026年9月11日 上午10:49:13。
----- 研究 51/解 51 (sol51) 中的“稳态求解器 1” ------------------------------------------>
           当前进度:   0 % - 
Memory: 1271/1760 1651/2282
<---- 研究 52/解 52 (sol52) 中的“编译方程: 稳态” ------------------------------------------
开始于 2026年9月11日 上午10:49:16。
几何形函数: 二次拉格朗日单元
在  上运行。
在以下位置使用 1 个插槽： Zifeng 上（共 8 个内核）。
可用内存：32.60 GB。
           当前进度:   0 % - 编译方程: 稳态
在  上运行。
在以下位置使用 1 个插槽： Zifeng 上（共 8 个内核）。
可用内存：32.60 GB。
           当前进度:   5 % - 编译方程: 稳态
Memory: 1282/1760 1662/2282
时间：1。
物理内存: 1.28 GB
虚拟内存: 1.66 GB
结束时间：2026年9月11日 上午10:49:16。
----- 研究 52/解 52 (sol52) 中的“编译方程: 稳态” ----------------------------------------->
<---- 研究 52/解 52 (sol52) 中的“因变量 1” ---------------------------------------------
开始于 2026年9月11日 上午10:49:16。
           当前进度:   5 % - 因变量 1
Memory: 1283/1760 1663/2282
求解时间：0 s。
物理内存: 1.28 GB
虚拟内存: 1.66 GB
结束时间：2026年9月11日 上午10:49:17。
----- 研究 52/解 52 (sol52) 中的“因变量 1” -------------------------------------------->
<---- 研究 52/解 52 (sol52) 中的“稳态求解器 1” -------------------------------------------
开始于 2026年9月11日 上午10:49:17。
线性求解器
求解的自由度数：81768。
找到对称矩阵。
缩放因变量：
磁标势 (comp1.Vm): 1
已使用正交零空间函数。
---        当前进度:  36 % - 矩阵分解
Memory: 1413/1760 1818/2282
----       当前进度:  49 % - 矩阵分解
Memory: 1529/1760 2219/2282
------     当前进度:  69 % - 矩阵分解
Memory: 1642/1760 2219/2282
--------   当前进度:  80 % - 矩阵分解
Memory: 1707/1760 2219/2282
--------   当前进度:  88 % - 矩阵分解
Memory: 1739/1760 2219/2282
Iter      SolEst     Damping    Stepsize #Res #Jac #Sol   LinErr   LinRes
---------- 当前进度: 100 % - 求解线性方程组
Memory: 1751/1760 2224/2282
   1        0.95   1.0000000        0.95    1    1    1    2e-11  1.7e-14
求解时间：3 s。
物理内存: 1.75 GB
虚拟内存: 2.22 GB
结束时间：2026年9月11日 上午10:49:19。
----- 研究 52/解 52 (sol52) 中的“稳态求解器 1” ------------------------------------------>
           当前进度:   0 % - 
Memory: 1306/1760 1688/2282
<---- 研究 53/解 53 (sol53) 中的“编译方程: 稳态” ------------------------------------------
开始于 2026年9月11日 上午10:49:22。
几何形函数: 二次拉格朗日单元
在  上运行。
在以下位置使用 1 个插槽： Zifeng 上（共 8 个内核）。
可用内存：32.60 GB。
           当前进度:   0 % - 编译方程: 稳态
Memory: 1305/1760 1688/2282
在  上运行。
在以下位置使用 1 个插槽： Zifeng 上（共 8 个内核）。
可用内存：32.60 GB。
           当前进度:   5 % - 编译方程: 稳态
Memory: 1306/1760 1688/2282
时间：1。
物理内存: 1.31 GB
虚拟内存: 1.69 GB
结束时间：2026年9月11日 上午10:49:22。
----- 研究 53/解 53 (sol53) 中的“编译方程: 稳态” ----------------------------------------->
<---- 研究 53/解 53 (sol53) 中的“因变量 1” ---------------------------------------------
开始于 2026年9月11日 上午10:49:22。
           当前进度:   5 % - 因变量 1
求解时间：0 s。
物理内存: 1.31 GB
虚拟内存: 1.69 GB
结束时间：2026年9月11日 上午10:49:22。
----- 研究 53/解 53 (sol53) 中的“因变量 1” -------------------------------------------->
<---- 研究 53/解 53 (sol53) 中的“稳态求解器 1” -------------------------------------------
开始于 2026年9月11日 上午10:49:22。
线性求解器
求解的自由度数：81768。
找到对称矩阵。
缩放因变量：
磁标势 (comp1.Vm): 1
已使用正交零空间函数。
---        当前进度:  36 % - 矩阵分解
Memory: 1390/1760 1788/2282
----       当前进度:  46 % - 矩阵分解
Memory: 1518/1760 2226/2282
------     当前进度:  66 % - 矩阵分解
Memory: 1633/1760 2226/2282
-------    当前进度:  77 % - 矩阵分解
Memory: 1694/1760 2226/2282
--------   当前进度:  85 % - 矩阵分解
Memory: 1740/1760 2226/2282
--------   当前进度:  89 % - 矩阵分解
Memory: 1753/1760 2226/2282
Iter      SolEst     Damping    Stepsize #Res #Jac #Sol   LinErr   LinRes
   1        0.95   1.0000000        0.95    1    1    1  2.1e-11  1.7e-14
---------- 当前进度: 100 % - 求解线性方程组
Memory: 1327/1760 1710/2282
求解时间：2 s。
物理内存: 1.75 GB
虚拟内存: 2.23 GB
结束时间：2026年9月11日 上午10:49:25。
----- 研究 53/解 53 (sol53) 中的“稳态求解器 1” ------------------------------------------>
           当前进度:   0 % - 
Memory: 1308/1760 1690/2282
<---- 研究 54/解 54 (sol54) 中的“编译方程: 稳态” ------------------------------------------
开始于 2026年9月11日 上午10:49:27。
几何形函数: 二次拉格朗日单元
在  上运行。
在以下位置使用 1 个插槽： Zifeng 上（共 8 个内核）。
可用内存：32.60 GB。
           当前进度:   0 % - 编译方程: 稳态
在  上运行。
在以下位置使用 1 个插槽： Zifeng 上（共 8 个内核）。
可用内存：32.60 GB。
           当前进度:   5 % - 编译方程: 稳态
时间：1。
物理内存: 1.31 GB
虚拟内存: 1.69 GB
结束时间：2026年9月11日 上午10:49:28。
----- 研究 54/解 54 (sol54) 中的“编译方程: 稳态” ----------------------------------------->
<---- 研究 54/解 54 (sol54) 中的“因变量 1” ---------------------------------------------
开始于 2026年9月11日 上午10:49:28。
           当前进度:   5 % - 因变量 1
求解时间：0 s。
物理内存: 1.31 GB
虚拟内存: 1.69 GB
结束时间：2026年9月11日 上午10:49:28。
----- 研究 54/解 54 (sol54) 中的“因变量 1” -------------------------------------------->
<---- 研究 54/解 54 (sol54) 中的“稳态求解器 1” -------------------------------------------
开始于 2026年9月11日 上午10:49:28。
线性求解器
求解的自由度数：81768。
找到对称矩阵。
缩放因变量：
磁标势 (comp1.Vm): 1
已使用正交零空间函数。
---        当前进度:  36 % - 矩阵分解
Memory: 1406/1760 1791/2282
----       当前进度:  45 % - 矩阵分解
Memory: 1509/1760 2228/2282
------     当前进度:  65 % - 矩阵分解
Memory: 1624/1760 2228/2282
-------    当前进度:  77 % - 矩阵分解
Memory: 1692/1760 2228/2282
--------   当前进度:  85 % - 矩阵分解
Memory: 1734/1760 2228/2282
--------   当前进度:  89 % - 矩阵分解
Memory: 1751/1760 2228/2282
Iter      SolEst     Damping    Stepsize #Res #Jac #Sol   LinErr   LinRes
   1        0.96   1.0000000        0.96    1    1    1  3.6e-12  1.7e-14
---------- 当前进度: 100 % - 求解线性方程组
Memory: 1328/1760 1711/2282
求解时间：3 s。
物理内存: 1.75 GB
虚拟内存: 2.23 GB
结束时间：2026年9月11日 上午10:49:31。
----- 研究 54/解 54 (sol54) 中的“稳态求解器 1” ------------------------------------------>
           当前进度:   0 % - 
Memory: 1309/1760 1691/2282
<---- 研究 55/解 55 (sol55) 中的“编译方程: 稳态” ------------------------------------------
开始于 2026年9月11日 上午10:49:34。
几何形函数: 二次拉格朗日单元
在  上运行。
在以下位置使用 1 个插槽： Zifeng 上（共 8 个内核）。
可用内存：32.60 GB。
           当前进度:   0 % - 编译方程: 稳态
Memory: 1252/1760 1632/2282
在  上运行。
在以下位置使用 1 个插槽： Zifeng 上（共 8 个内核）。
可用内存：32.60 GB。
           当前进度:   5 % - 编译方程: 稳态
Memory: 1282/1760 1664/2282
时间：1。
物理内存: 1.28 GB
虚拟内存: 1.66 GB
结束时间：2026年9月11日 上午10:49:34。
----- 研究 55/解 55 (sol55) 中的“编译方程: 稳态” ----------------------------------------->
<---- 研究 55/解 55 (sol55) 中的“因变量 1” ---------------------------------------------
开始于 2026年9月11日 上午10:49:34。
           当前进度:   5 % - 因变量 1
Memory: 1283/1760 1664/2282
求解时间：0 s。
物理内存: 1.28 GB
虚拟内存: 1.66 GB
结束时间：2026年9月11日 上午10:49:34。
----- 研究 55/解 55 (sol55) 中的“因变量 1” -------------------------------------------->
<---- 研究 55/解 55 (sol55) 中的“稳态求解器 1” -------------------------------------------
开始于 2026年9月11日 上午10:49:34。
线性求解器
求解的自由度数：81768。
找到对称矩阵。
缩放因变量：
磁标势 (comp1.Vm): 1
已使用正交零空间函数。
---        当前进度:  36 % - 矩阵分解
Memory: 1386/1760 1771/2282
----       当前进度:  45 % - 矩阵分解
Memory: 1503/1760 2222/2282
------     当前进度:  66 % - 矩阵分解
Memory: 1624/1760 2222/2282
--------   当前进度:  82 % - 矩阵分解
Memory: 1713/1760 2222/2282
--------   当前进度:  88 % - 矩阵分解
Memory: 1744/1760 2222/2282
Iter      SolEst     Damping    Stepsize #Res #Jac #Sol   LinErr   LinRes
---------- 当前进度: 100 % - 求解线性方程组
Memory: 1755/1760 2227/2282
   1        0.96   1.0000000        0.96    1    1    1  3.3e-11  1.7e-14
求解时间：2 s。
物理内存: 1.75 GB
虚拟内存: 2.23 GB
结束时间：2026年9月11日 上午10:49:37。
----- 研究 55/解 55 (sol55) 中的“稳态求解器 1” ------------------------------------------>
           当前进度:   0 % - 
Memory: 1301/1760 1682/2282
<---- 研究 56/解 56 (sol56) 中的“编译方程: 稳态” ------------------------------------------
开始于 2026年9月11日 上午10:49:39。
几何形函数: 二次拉格朗日单元
在  上运行。
在以下位置使用 1 个插槽： Zifeng 上（共 8 个内核）。
可用内存：32.60 GB。
           当前进度:   0 % - 编译方程: 稳态
Memory: 1302/1760 1683/2282
在  上运行。
在以下位置使用 1 个插槽： Zifeng 上（共 8 个内核）。
可用内存：32.60 GB。
           当前进度:   5 % - 编译方程: 稳态
Memory: 1303/1760 1683/2282
时间：1。
物理内存: 1.3 GB
虚拟内存: 1.68 GB
结束时间：2026年9月11日 上午10:49:40。
----- 研究 56/解 56 (sol56) 中的“编译方程: 稳态” ----------------------------------------->
<---- 研究 56/解 56 (sol56) 中的“因变量 1” ---------------------------------------------
开始于 2026年9月11日 上午10:49:40。
           当前进度:   5 % - 因变量 1
求解时间：0 s。
物理内存: 1.3 GB
虚拟内存: 1.68 GB
结束时间：2026年9月11日 上午10:49:40。
----- 研究 56/解 56 (sol56) 中的“因变量 1” -------------------------------------------->
<---- 研究 56/解 56 (sol56) 中的“稳态求解器 1” -------------------------------------------
开始于 2026年9月11日 上午10:49:40。
线性求解器
求解的自由度数：81768。
找到对称矩阵。
缩放因变量：
磁标势 (comp1.Vm): 1
已使用正交零空间函数。
---        当前进度:  36 % - 矩阵分解
Memory: 1402/1760 1820/2282
----       当前进度:  46 % - 矩阵分解
Memory: 1510/1760 2220/2282
------     当前进度:  66 % - 矩阵分解
Memory: 1627/1760 2220/2282
-------    当前进度:  77 % - 矩阵分解
Memory: 1671/1760 2202/2282
--------   当前进度:  86 % - 矩阵分解
Memory: 1717/1760 2202/2282
--------   当前进度:  89 % - 矩阵分解
Memory: 1730/1760 2202/2282
Iter      SolEst     Damping    Stepsize #Res #Jac #Sol   LinErr   LinRes
   1        0.96   1.0000000        0.96    1    1    1  5.9e-12  1.8e-14
---------- 当前进度: 100 % - 求解线性方程组
Memory: 1326/1760 1707/2282
求解时间：2 s。
物理内存: 1.73 GB
虚拟内存: 2.22 GB
结束时间：2026年9月11日 上午10:49:42。
----- 研究 56/解 56 (sol56) 中的“稳态求解器 1” ------------------------------------------>
           当前进度:   0 % - 
Memory: 1308/1760 1687/2282
<---- 研究 57/解 57 (sol57) 中的“编译方程: 稳态” ------------------------------------------
开始于 2026年9月11日 上午10:49:45。
几何形函数: 二次拉格朗日单元
在  上运行。
在以下位置使用 1 个插槽： Zifeng 上（共 8 个内核）。
可用内存：32.60 GB。
           当前进度:   0 % - 编译方程: 稳态
Memory: 1308/1760 1688/2282
在  上运行。
在以下位置使用 1 个插槽： Zifeng 上（共 8 个内核）。
可用内存：32.60 GB。
           当前进度:   5 % - 编译方程: 稳态
时间：1。
物理内存: 1.31 GB
虚拟内存: 1.69 GB
结束时间：2026年9月11日 上午10:49:46。
----- 研究 57/解 57 (sol57) 中的“编译方程: 稳态” ----------------------------------------->
<---- 研究 57/解 57 (sol57) 中的“因变量 1” ---------------------------------------------
开始于 2026年9月11日 上午10:49:46。
           当前进度:   5 % - 因变量 1
求解时间：0 s。
物理内存: 1.31 GB
虚拟内存: 1.69 GB
结束时间：2026年9月11日 上午10:49:46。
----- 研究 57/解 57 (sol57) 中的“因变量 1” -------------------------------------------->
<---- 研究 57/解 57 (sol57) 中的“稳态求解器 1” -------------------------------------------
开始于 2026年9月11日 上午10:49:46。
线性求解器
求解的自由度数：81768。
找到对称矩阵。
缩放因变量：
磁标势 (comp1.Vm): 1
已使用正交零空间函数。
---        当前进度:  36 % - 矩阵分解
Memory: 1443/1760 1826/2282
----       当前进度:  49 % - 矩阵分解
Memory: 1530/1760 2223/2282
------     当前进度:  68 % - 矩阵分解
Memory: 1644/1760 2223/2282
--------   当前进度:  80 % - 矩阵分解
Memory: 1705/1760 2223/2282
--------   当前进度:  85 % - 矩阵分解
Memory: 1738/1760 2223/2282
--------   当前进度:  89 % - 矩阵分解
Memory: 1751/1760 2223/2282
Iter      SolEst     Damping    Stepsize #Res #Jac #Sol   LinErr   LinRes
   1        0.96   1.0000000        0.96    1    1    1  3.1e-11  1.8e-14
---------- 当前进度: 100 % - 求解线性方程组
Memory: 1331/1760 1712/2282
求解时间：2 s。
物理内存: 1.75 GB
虚拟内存: 2.22 GB
结束时间：2026年9月11日 上午10:49:48。
----- 研究 57/解 57 (sol57) 中的“稳态求解器 1” ------------------------------------------>
           当前进度:   0 % - 
Memory: 1312/1760 1691/2282
<---- 研究 58/解 58 (sol58) 中的“编译方程: 稳态” ------------------------------------------
开始于 2026年9月11日 上午10:49:51。
几何形函数: 二次拉格朗日单元
在  上运行。
在以下位置使用 1 个插槽： Zifeng 上（共 8 个内核）。
可用内存：32.60 GB。
           当前进度:   0 % - 编译方程: 稳态
Memory: 1312/1760 1692/2282
在  上运行。
在以下位置使用 1 个插槽： Zifeng 上（共 8 个内核）。
可用内存：32.60 GB。
           当前进度:   5 % - 编译方程: 稳态
时间：1。
物理内存: 1.31 GB
虚拟内存: 1.69 GB
结束时间：2026年9月11日 上午10:49:51。
----- 研究 58/解 58 (sol58) 中的“编译方程: 稳态” ----------------------------------------->
<---- 研究 58/解 58 (sol58) 中的“因变量 1” ---------------------------------------------
开始于 2026年9月11日 上午10:49:51。
           当前进度:   5 % - 因变量 1
求解时间：0 s。
物理内存: 1.31 GB
虚拟内存: 1.69 GB
结束时间：2026年9月11日 上午10:49:51。
----- 研究 58/解 58 (sol58) 中的“因变量 1” -------------------------------------------->
<---- 研究 58/解 58 (sol58) 中的“稳态求解器 1” -------------------------------------------
开始于 2026年9月11日 上午10:49:51。
线性求解器
求解的自由度数：81768。
找到对称矩阵。
缩放因变量：
磁标势 (comp1.Vm): 1
已使用正交零空间函数。
---        当前进度:  36 % - 矩阵分解
Memory: 1416/1760 1825/2282
----       当前进度:  46 % - 矩阵分解
Memory: 1518/1760 2223/2282
------     当前进度:  65 % - 矩阵分解
Memory: 1633/1760 2223/2282
-------    当前进度:  79 % - 矩阵分解
Memory: 1706/1760 2223/2282
--------   当前进度:  88 % - 矩阵分解
Memory: 1745/1760 2223/2282
---------  当前进度:  90 % - 矩阵分解
Memory: 1753/1760 2223/2282
Iter      SolEst     Damping    Stepsize #Res #Jac #Sol   LinErr   LinRes
   1        0.96   1.0000000        0.96    1    1    1  9.3e-12  1.8e-14
---------- 当前进度: 100 % - 求解线性方程组
Memory: 1313/1760 1692/2282
求解时间：2 s。
物理内存: 1.75 GB
虚拟内存: 2.22 GB
结束时间：2026年9月11日 上午10:49:54。
----- 研究 58/解 58 (sol58) 中的“稳态求解器 1” ------------------------------------------>
           当前进度:   0 % - 
<---- 研究 59/解 59 (sol59) 中的“编译方程: 稳态” ------------------------------------------
开始于 2026年9月11日 上午10:49:57。
几何形函数: 二次拉格朗日单元
在  上运行。
在以下位置使用 1 个插槽： Zifeng 上（共 8 个内核）。
可用内存：32.60 GB。
           当前进度:   0 % - 编译方程: 稳态
在  上运行。
在以下位置使用 1 个插槽： Zifeng 上（共 8 个内核）。
可用内存：32.60 GB。
           当前进度:   5 % - 编译方程: 稳态
时间：1。
物理内存: 1.31 GB
虚拟内存: 1.69 GB
结束时间：2026年9月11日 上午10:49:57。
----- 研究 59/解 59 (sol59) 中的“编译方程: 稳态” ----------------------------------------->
<---- 研究 59/解 59 (sol59) 中的“因变量 1” ---------------------------------------------
开始于 2026年9月11日 上午10:49:57。
           当前进度:   5 % - 因变量 1
求解时间：0 s。
物理内存: 1.31 GB
虚拟内存: 1.69 GB
结束时间：2026年9月11日 上午10:49:57。
----- 研究 59/解 59 (sol59) 中的“因变量 1” -------------------------------------------->
<---- 研究 59/解 59 (sol59) 中的“稳态求解器 1” -------------------------------------------
开始于 2026年9月11日 上午10:49:57。
线性求解器
求解的自由度数：81768。
找到对称矩阵。
缩放因变量：
磁标势 (comp1.Vm): 1
已使用正交零空间函数。
---        当前进度:  36 % - 矩阵分解
Memory: 1451/1760 1835/2282
----       当前进度:  49 % - 矩阵分解
Memory: 1540/1760 2234/2282
------     当前进度:  67 % - 矩阵分解
Memory: 1626/1760 2216/2282
-------    当前进度:  78 % - 矩阵分解
Memory: 1690/1760 2216/2282
--------   当前进度:  87 % - 矩阵分解
Memory: 1733/1760 2216/2282
--------   当前进度:  89 % - 矩阵分解
Memory: 1743/1760 2216/2282
Iter      SolEst     Damping    Stepsize #Res #Jac #Sol   LinErr   LinRes
   1        0.96   1.0000000        0.96    1    1    1  1.2e-11  1.8e-14
---------- 当前进度: 100 % - 求解线性方程组
Memory: 1340/1760 1721/2282
求解时间：3 s。
物理内存: 1.74 GB
虚拟内存: 2.23 GB
结束时间：2026年9月11日 上午10:50:00。
----- 研究 59/解 59 (sol59) 中的“稳态求解器 1” ------------------------------------------>
           当前进度:   0 % - 
Memory: 1322/1760 1701/2282
<---- 研究 60/解 60 (sol60) 中的“编译方程: 稳态” ------------------------------------------
开始于 2026年9月11日 上午10:50:03。
几何形函数: 二次拉格朗日单元
在  上运行。
在以下位置使用 1 个插槽： Zifeng 上（共 8 个内核）。
可用内存：32.60 GB。
           当前进度:   0 % - 编译方程: 稳态
Memory: 1318/1760 1699/2282
在  上运行。
在以下位置使用 1 个插槽： Zifeng 上（共 8 个内核）。
可用内存：32.60 GB。
           当前进度:   5 % - 编译方程: 稳态
Memory: 1319/1760 1699/2282
时间：1。
物理内存: 1.32 GB
虚拟内存: 1.7 GB
结束时间：2026年9月11日 上午10:50:04。
----- 研究 60/解 60 (sol60) 中的“编译方程: 稳态” ----------------------------------------->
<---- 研究 60/解 60 (sol60) 中的“因变量 1” ---------------------------------------------
开始于 2026年9月11日 上午10:50:04。
           当前进度:   5 % - 因变量 1
Memory: 1317/1760 1698/2282
求解时间：0 s。
物理内存: 1.32 GB
虚拟内存: 1.7 GB
结束时间：2026年9月11日 上午10:50:04。
----- 研究 60/解 60 (sol60) 中的“因变量 1” -------------------------------------------->
<---- 研究 60/解 60 (sol60) 中的“稳态求解器 1” -------------------------------------------
开始于 2026年9月11日 上午10:50:04。
线性求解器
求解的自由度数：81768。
找到对称矩阵。
缩放因变量：
磁标势 (comp1.Vm): 1
已使用正交零空间函数。
---        当前进度:  36 % - 矩阵分解
Memory: 1452/1760 1835/2282
----       当前进度:  49 % - 矩阵分解
Memory: 1547/1760 2236/2282
------     当前进度:  69 % - 矩阵分解
Memory: 1659/1760 2236/2282
-------    当前进度:  78 % - 矩阵分解
Memory: 1662/1760 2180/2282
--------   当前进度:  87 % - 矩阵分解
Memory: 1701/1760 2180/2282
---------  当前进度:  90 % - 矩阵分解
Memory: 1710/1760 2180/2282
Iter      SolEst     Damping    Stepsize #Res #Jac #Sol   LinErr   LinRes
   1        0.96   1.0000000        0.96    1    1    1  2.3e-12  1.8e-14
---------- 当前进度: 100 % - 求解线性方程组
Memory: 1288/1760 1669/2282
求解时间：2 s。
物理内存: 1.71 GB
虚拟内存: 2.24 GB
结束时间：2026年9月11日 上午10:50:06。
----- 研究 60/解 60 (sol60) 中的“稳态求解器 1” ------------------------------------------>
           当前进度:   0 % - 
Memory: 1293/1760 1674/2282
<---- 研究 61/解 61 (sol61) 中的“编译方程: 稳态” ------------------------------------------
开始于 2026年9月11日 上午10:50:09。
几何形函数: 二次拉格朗日单元
在  上运行。
在以下位置使用 1 个插槽： Zifeng 上（共 8 个内核）。
可用内存：32.60 GB。
           当前进度:   0 % - 编译方程: 稳态
在  上运行。
在以下位置使用 1 个插槽： Zifeng 上（共 8 个内核）。
可用内存：32.60 GB。
           当前进度:   5 % - 编译方程: 稳态
Memory: 1300/1760 1681/2282
时间：1。
物理内存: 1.3 GB
虚拟内存: 1.68 GB
结束时间：2026年9月11日 上午10:50:09。
----- 研究 61/解 61 (sol61) 中的“编译方程: 稳态” ----------------------------------------->
<---- 研究 61/解 61 (sol61) 中的“因变量 1” ---------------------------------------------
开始于 2026年9月11日 上午10:50:09。
           当前进度:   5 % - 因变量 1
求解时间：0 s。
物理内存: 1.3 GB
虚拟内存: 1.68 GB
结束时间：2026年9月11日 上午10:50:09。
----- 研究 61/解 61 (sol61) 中的“因变量 1” -------------------------------------------->
<---- 研究 61/解 61 (sol61) 中的“稳态求解器 1” -------------------------------------------
开始于 2026年9月11日 上午10:50:09。
线性求解器
求解的自由度数：81768。
找到对称矩阵。
缩放因变量：
磁标势 (comp1.Vm): 1
已使用正交零空间函数。
---        当前进度:  36 % - 矩阵分解
Memory: 1417/1760 1818/2282
----       当前进度:  46 % - 矩阵分解
Memory: 1514/1760 2222/2282
------     当前进度:  66 % - 矩阵分解
Memory: 1632/1760 2222/2282
-------    当前进度:  77 % - 矩阵分解
Memory: 1689/1760 2222/2282
--------   当前进度:  85 % - 矩阵分解
Memory: 1734/1760 2222/2282
--------   当前进度:  89 % - 矩阵分解
Memory: 1750/1760 2222/2282
Iter      SolEst     Damping    Stepsize #Res #Jac #Sol   LinErr   LinRes
   1        0.96   1.0000000        0.96    1    1    1  1.9e-11  1.8e-14
---------- 当前进度: 100 % - 求解线性方程组
Memory: 1292/1760 1671/2282
求解时间：2 s。
物理内存: 1.75 GB
虚拟内存: 2.22 GB
结束时间：2026年9月11日 上午10:50:12。
----- 研究 61/解 61 (sol61) 中的“稳态求解器 1” ------------------------------------------>
           当前进度:   0 % - 
Memory: 1265/1760 1642/2282
<---- 研究 62/解 62 (sol62) 中的“编译方程: 稳态” ------------------------------------------
开始于 2026年9月11日 上午10:50:15。
几何形函数: 二次拉格朗日单元
在  上运行。
在以下位置使用 1 个插槽： Zifeng 上（共 8 个内核）。
可用内存：32.60 GB。
           当前进度:   0 % - 编译方程: 稳态
Memory: 1281/1760 1660/2282
在  上运行。
在以下位置使用 1 个插槽： Zifeng 上（共 8 个内核）。
可用内存：32.60 GB。
           当前进度:   5 % - 编译方程: 稳态
Memory: 1290/1760 1669/2282
时间：1。
物理内存: 1.29 GB
虚拟内存: 1.67 GB
结束时间：2026年9月11日 上午10:50:15。
----- 研究 62/解 62 (sol62) 中的“编译方程: 稳态” ----------------------------------------->
<---- 研究 62/解 62 (sol62) 中的“因变量 1” ---------------------------------------------
开始于 2026年9月11日 上午10:50:15。
           当前进度:   5 % - 因变量 1
Memory: 1291/1760 1670/2282
求解时间：0 s。
物理内存: 1.29 GB
虚拟内存: 1.67 GB
结束时间：2026年9月11日 上午10:50:16。
----- 研究 62/解 62 (sol62) 中的“因变量 1” -------------------------------------------->
<---- 研究 62/解 62 (sol62) 中的“稳态求解器 1” -------------------------------------------
开始于 2026年9月11日 上午10:50:16。
线性求解器
求解的自由度数：81768。
找到对称矩阵。
缩放因变量：
磁标势 (comp1.Vm): 1
已使用正交零空间函数。
---        当前进度:  36 % - 矩阵分解
Memory: 1406/1760 1790/2282
----       当前进度:  47 % - 矩阵分解
Memory: 1529/1760 2234/2282
------     当前进度:  66 % - 矩阵分解
Memory: 1626/1760 2216/2282
-------    当前进度:  78 % - 矩阵分解
Memory: 1692/1760 2216/2282
--------   当前进度:  86 % - 矩阵分解
Memory: 1732/1760 2216/2282
---------  当前进度:  90 % - 矩阵分解
Memory: 1742/1760 2216/2282
Iter      SolEst     Damping    Stepsize #Res #Jac #Sol   LinErr   LinRes
   1        0.96   1.0000000        0.96    1    1    1  4.7e-12  1.9e-14
---------- 当前进度: 100 % - 求解线性方程组
Memory: 1333/1760 1715/2282
求解时间：3 s。
物理内存: 1.74 GB
虚拟内存: 2.23 GB
结束时间：2026年9月11日 上午10:50:18。
----- 研究 62/解 62 (sol62) 中的“稳态求解器 1” ------------------------------------------>
           当前进度:   0 % - 
Memory: 1315/1760 1696/2282
<---- 研究 63/解 63 (sol63) 中的“编译方程: 稳态” ------------------------------------------
开始于 2026年9月11日 上午10:50:21。
几何形函数: 二次拉格朗日单元
在  上运行。
在以下位置使用 1 个插槽： Zifeng 上（共 8 个内核）。
可用内存：32.60 GB。
           当前进度:   0 % - 编译方程: 稳态
Memory: 1324/1760 1705/2282
在  上运行。
在以下位置使用 1 个插槽： Zifeng 上（共 8 个内核）。
可用内存：32.60 GB。
           当前进度:   5 % - 编译方程: 稳态
Memory: 1325/1760 1705/2282
时间：1。
物理内存: 1.33 GB
虚拟内存: 1.71 GB
结束时间：2026年9月11日 上午10:50:22。
----- 研究 63/解 63 (sol63) 中的“编译方程: 稳态” ----------------------------------------->
<---- 研究 63/解 63 (sol63) 中的“因变量 1” ---------------------------------------------
开始于 2026年9月11日 上午10:50:22。
           当前进度:   5 % - 因变量 1
求解时间：0 s。
物理内存: 1.33 GB
虚拟内存: 1.71 GB
结束时间：2026年9月11日 上午10:50:22。
----- 研究 63/解 63 (sol63) 中的“因变量 1” -------------------------------------------->
<---- 研究 63/解 63 (sol63) 中的“稳态求解器 1” -------------------------------------------
开始于 2026年9月11日 上午10:50:22。
线性求解器
求解的自由度数：81768。
找到对称矩阵。
缩放因变量：
磁标势 (comp1.Vm): 1
已使用正交零空间函数。
---        当前进度:  36 % - 矩阵分解
Memory: 1429/1760 1837/2282
-----      当前进度:  51 % - 矩阵分解
Memory: 1556/1760 2239/2282
------     当前进度:  69 % - 矩阵分解
Memory: 1662/1760 2239/2282
--------   当前进度:  81 % - 矩阵分解
Memory: 1726/1760 2239/2282
--------   当前进度:  86 % - 矩阵分解
Memory: 1759/1760 2239/2282
---------  当前进度:  90 % - 矩阵分解
Memory: 1768/1768 2239/2282
Iter      SolEst     Damping    Stepsize #Res #Jac #Sol   LinErr   LinRes
   1        0.96   1.0000000        0.96    1    1    1  4.9e-12  1.8e-14
---------- 当前进度: 100 % - 求解线性方程组
Memory: 1325/1773 1703/2282
求解时间：2 s。
物理内存: 1.77 GB
虚拟内存: 2.24 GB
结束时间：2026年9月11日 上午10:50:24。
----- 研究 63/解 63 (sol63) 中的“稳态求解器 1” ------------------------------------------>
           当前进度:   0 % - 
Memory: 1281/1773 1660/2282
<---- 研究 64/解 64 (sol64) 中的“编译方程: 稳态” ------------------------------------------
开始于 2026年9月11日 上午10:50:27。
几何形函数: 二次拉格朗日单元
在  上运行。
在以下位置使用 1 个插槽： Zifeng 上（共 8 个内核）。
可用内存：32.60 GB。
           当前进度:   0 % - 编译方程: 稳态
Memory: 1299/1773 1680/2282
在  上运行。
在以下位置使用 1 个插槽： Zifeng 上（共 8 个内核）。
可用内存：32.60 GB。
           当前进度:   5 % - 编译方程: 稳态
Memory: 1306/1773 1686/2282
时间：1。
物理内存: 1.31 GB
虚拟内存: 1.69 GB
结束时间：2026年9月11日 上午10:50:28。
----- 研究 64/解 64 (sol64) 中的“编译方程: 稳态” ----------------------------------------->
<---- 研究 64/解 64 (sol64) 中的“因变量 1” ---------------------------------------------
开始于 2026年9月11日 上午10:50:28。
           当前进度:   5 % - 因变量 1
Memory: 1307/1773 1687/2282
求解时间：0 s。
物理内存: 1.31 GB
虚拟内存: 1.69 GB
结束时间：2026年9月11日 上午10:50:28。
----- 研究 64/解 64 (sol64) 中的“因变量 1” -------------------------------------------->
<---- 研究 64/解 64 (sol64) 中的“稳态求解器 1” -------------------------------------------
开始于 2026年9月11日 上午10:50:28。
线性求解器
求解的自由度数：81768。
找到对称矩阵。
缩放因变量：
磁标势 (comp1.Vm): 1
已使用正交零空间函数。
---        当前进度:  36 % - 矩阵分解
Memory: 1442/1773 1825/2282
-----      当前进度:  51 % - 矩阵分解
Memory: 1551/1773 2237/2282
------     当前进度:  69 % - 矩阵分解
Memory: 1659/1773 2237/2282
--------   当前进度:  81 % - 矩阵分解
Memory: 1719/1773 2237/2282
--------   当前进度:  88 % - 矩阵分解
Memory: 1756/1773 2237/2282
---------  当前进度:  90 % - 矩阵分解
Memory: 1765/1773 2237/2282
Iter      SolEst     Damping    Stepsize #Res #Jac #Sol   LinErr   LinRes
   1        0.96   1.0000000        0.96    1    1    1  1.5e-11  1.8e-14
---------- 当前进度: 100 % - 求解线性方程组
Memory: 1356/1773 1737/2282
求解时间：2 s。
物理内存: 1.76 GB
虚拟内存: 2.24 GB
结束时间：2026年9月11日 上午10:50:30。
----- 研究 64/解 64 (sol64) 中的“稳态求解器 1” ------------------------------------------>
           当前进度:   0 % - 
Memory: 1320/1773 1699/2282
<---- 研究 65/解 65 (sol65) 中的“编译方程: 稳态” ------------------------------------------
开始于 2026年9月11日 上午10:50:33。
几何形函数: 二次拉格朗日单元
在  上运行。
在以下位置使用 1 个插槽： Zifeng 上（共 8 个内核）。
可用内存：32.60 GB。
           当前进度:   0 % - 编译方程: 稳态
Memory: 1317/1773 1696/2282
在  上运行。
在以下位置使用 1 个插槽： Zifeng 上（共 8 个内核）。
可用内存：32.60 GB。
           当前进度:   5 % - 编译方程: 稳态
时间：1。
物理内存: 1.32 GB
虚拟内存: 1.7 GB
结束时间：2026年9月11日 上午10:50:34。
----- 研究 65/解 65 (sol65) 中的“编译方程: 稳态” ----------------------------------------->
<---- 研究 65/解 65 (sol65) 中的“因变量 1” ---------------------------------------------
开始于 2026年9月11日 上午10:50:34。
           当前进度:   5 % - 因变量 1
求解时间：0 s。
物理内存: 1.32 GB
虚拟内存: 1.7 GB
结束时间：2026年9月11日 上午10:50:34。
----- 研究 65/解 65 (sol65) 中的“因变量 1” -------------------------------------------->
<---- 研究 65/解 65 (sol65) 中的“稳态求解器 1” -------------------------------------------
开始于 2026年9月11日 上午10:50:34。
线性求解器
求解的自由度数：81768。
找到对称矩阵。
缩放因变量：
磁标势 (comp1.Vm): 1
已使用正交零空间函数。
---        当前进度:  36 % - 矩阵分解
Memory: 1429/1773 1833/2282
----       当前进度:  47 % - 矩阵分解
Memory: 1533/1773 2238/2282
------     当前进度:  65 % - 矩阵分解
Memory: 1635/1773 2238/2282
-------    当前进度:  77 % - 矩阵分解
Memory: 1707/1773 2238/2282
--------   当前进度:  87 % - 矩阵分解
Memory: 1753/1773 2238/2282
--------   当前进度:  89 % - 矩阵分解
Memory: 1767/1773 2238/2282
Iter      SolEst     Damping    Stepsize #Res #Jac #Sol   LinErr   LinRes
   1        0.96   1.0000000        0.96    1    1    1  2.1e-11  1.8e-14
---------- 当前进度: 100 % - 求解线性方程组
Memory: 1358/1774 1738/2282
求解时间：2 s。
物理内存: 1.77 GB
虚拟内存: 2.24 GB
结束时间：2026年9月11日 上午10:50:36。
----- 研究 65/解 65 (sol65) 中的“稳态求解器 1” ------------------------------------------>
           当前进度:   0 % - 
Memory: 1322/1774 1700/2282
<---- 研究 66/解 66 (sol66) 中的“编译方程: 稳态” ------------------------------------------
开始于 2026年9月11日 上午10:50:40。
几何形函数: 二次拉格朗日单元
在  上运行。
在以下位置使用 1 个插槽： Zifeng 上（共 8 个内核）。
可用内存：32.60 GB。
           当前进度:   0 % - 编译方程: 稳态
Memory: 1330/1774 1708/2282
在  上运行。
在以下位置使用 1 个插槽： Zifeng 上（共 8 个内核）。
可用内存：32.60 GB。
           当前进度:   5 % - 编译方程: 稳态
Memory: 1329/1774 1707/2282
时间：1。
物理内存: 1.33 GB
虚拟内存: 1.71 GB
结束时间：2026年9月11日 上午10:50:40。
----- 研究 66/解 66 (sol66) 中的“编译方程: 稳态” ----------------------------------------->
<---- 研究 66/解 66 (sol66) 中的“因变量 1” ---------------------------------------------
开始于 2026年9月11日 上午10:50:40。
           当前进度:   5 % - 因变量 1
求解时间：0 s。
物理内存: 1.33 GB
虚拟内存: 1.71 GB
结束时间：2026年9月11日 上午10:50:40。
----- 研究 66/解 66 (sol66) 中的“因变量 1” -------------------------------------------->
<---- 研究 66/解 66 (sol66) 中的“稳态求解器 1” -------------------------------------------
开始于 2026年9月11日 上午10:50:40。
线性求解器
求解的自由度数：81768。
找到对称矩阵。
缩放因变量：
磁标势 (comp1.Vm): 1
已使用正交零空间函数。
---        当前进度:  36 % - 矩阵分解
Memory: 1420/1774 1806/2282
----       当前进度:  49 % - 矩阵分解
Memory: 1552/1774 2243/2282
------     当前进度:  69 % - 矩阵分解
Memory: 1667/1774 2243/2282
--------   当前进度:  81 % - 矩阵分解
Memory: 1730/1774 2243/2282
--------   当前进度:  86 % - 矩阵分解
Memory: 1766/1774 2243/2282
Iter      SolEst     Damping    Stepsize #Res #Jac #Sol   LinErr   LinRes
---------- 当前进度: 100 % - 求解线性方程组
Memory: 1780/1780 2248/2282
   1        0.96   1.0000000        0.96    1    1    1  3.4e-12  1.8e-14
求解时间：2 s。
物理内存: 1.78 GB
虚拟内存: 2.25 GB
结束时间：2026年9月11日 上午10:50:43。
----- 研究 66/解 66 (sol66) 中的“稳态求解器 1” ------------------------------------------>
           当前进度:   0 % - 
Memory: 1330/1780 1708/2282
<---- 研究 67/解 67 (sol67) 中的“编译方程: 稳态” ------------------------------------------
开始于 2026年9月11日 上午10:50:46。
几何形函数: 二次拉格朗日单元
在  上运行。
在以下位置使用 1 个插槽： Zifeng 上（共 8 个内核）。
可用内存：32.60 GB。
           当前进度:   0 % - 编译方程: 稳态
在  上运行。
在以下位置使用 1 个插槽： Zifeng 上（共 8 个内核）。
可用内存：32.60 GB。
           当前进度:   5 % - 编译方程: 稳态
时间：1。
物理内存: 1.33 GB
虚拟内存: 1.71 GB
结束时间：2026年9月11日 上午10:50:46。
----- 研究 67/解 67 (sol67) 中的“编译方程: 稳态” ----------------------------------------->
<---- 研究 67/解 67 (sol67) 中的“因变量 1” ---------------------------------------------
开始于 2026年9月11日 上午10:50:46。
           当前进度:   5 % - 因变量 1
求解时间：0 s。
物理内存: 1.33 GB
虚拟内存: 1.71 GB
结束时间：2026年9月11日 上午10:50:46。
----- 研究 67/解 67 (sol67) 中的“因变量 1” -------------------------------------------->
<---- 研究 67/解 67 (sol67) 中的“稳态求解器 1” -------------------------------------------
开始于 2026年9月11日 上午10:50:46。
线性求解器
求解的自由度数：81768。
找到对称矩阵。
缩放因变量：
磁标势 (comp1.Vm): 1
已使用正交零空间函数。
---        当前进度:  36 % - 矩阵分解
Memory: 1413/1780 1807/2282
-----      当前进度:  57 % - 矩阵分解
Memory: 1597/1780 2242/2282
-------    当前进度:  75 % - 矩阵分解
Memory: 1700/1780 2242/2282
--------   当前进度:  84 % - 矩阵分解
Memory: 1750/1780 2242/2282
--------   当前进度:  89 % - 矩阵分解
Memory: 1772/1780 2242/2282
Iter      SolEst     Damping    Stepsize #Res #Jac #Sol   LinErr   LinRes
   1        0.96   1.0000000        0.96    1    1    1  6.4e-12  1.8e-14
---------- 当前进度: 100 % - 求解线性方程组
Memory: 1330/1780 1708/2282
求解时间：2 s。
物理内存: 1.77 GB
虚拟内存: 2.24 GB
结束时间：2026年9月11日 上午10:50:49。
----- 研究 67/解 67 (sol67) 中的“稳态求解器 1” ------------------------------------------>
           当前进度:   0 % - 
<---- 研究 68/解 68 (sol68) 中的“编译方程: 稳态” ------------------------------------------
开始于 2026年9月11日 上午10:50:52。
几何形函数: 二次拉格朗日单元
在  上运行。
在以下位置使用 1 个插槽： Zifeng 上（共 8 个内核）。
可用内存：32.60 GB。
           当前进度:   0 % - 编译方程: 稳态
Memory: 1331/1780 1708/2282
在  上运行。
在以下位置使用 1 个插槽： Zifeng 上（共 8 个内核）。
可用内存：32.60 GB。
           当前进度:   5 % - 编译方程: 稳态
时间：1。
物理内存: 1.33 GB
虚拟内存: 1.71 GB
结束时间：2026年9月11日 上午10:50:52。
----- 研究 68/解 68 (sol68) 中的“编译方程: 稳态” ----------------------------------------->
<---- 研究 68/解 68 (sol68) 中的“因变量 1” ---------------------------------------------
开始于 2026年9月11日 上午10:50:52。
           当前进度:   5 % - 因变量 1
求解时间：0 s。
物理内存: 1.33 GB
虚拟内存: 1.71 GB
结束时间：2026年9月11日 上午10:50:52。
----- 研究 68/解 68 (sol68) 中的“因变量 1” -------------------------------------------->
<---- 研究 68/解 68 (sol68) 中的“稳态求解器 1” -------------------------------------------
开始于 2026年9月11日 上午10:50:52。
线性求解器
求解的自由度数：81768。
找到对称矩阵。
缩放因变量：
磁标势 (comp1.Vm): 1
已使用正交零空间函数。
---        当前进度:  36 % - 矩阵分解
Memory: 1457/1780 1847/2282
----       当前进度:  48 % - 矩阵分解
Memory: 1548/1780 2240/2282
------     当前进度:  66 % - 矩阵分解
Memory: 1654/1780 2240/2282
-------    当前进度:  78 % - 矩阵分解
Memory: 1712/1780 2240/2282
--------   当前进度:  87 % - 矩阵分解
Memory: 1757/1780 2240/2282
--------   当前进度:  89 % - 矩阵分解
Memory: 1769/1780 2240/2282
Iter      SolEst     Damping    Stepsize #Res #Jac #Sol   LinErr   LinRes
   1        0.96   1.0000000        0.96    1    1    1  2.1e-11  1.8e-14
---------- 当前进度: 100 % - 求解线性方程组
Memory: 1349/1780 1729/2282
求解时间：3 s。
物理内存: 1.77 GB
虚拟内存: 2.24 GB
结束时间：2026年9月11日 上午10:50:55。
----- 研究 68/解 68 (sol68) 中的“稳态求解器 1” ------------------------------------------>
           当前进度:   0 % - 
Memory: 1332/1780 1710/2282
<---- 研究 69/解 69 (sol69) 中的“编译方程: 稳态” ------------------------------------------
开始于 2026年9月11日 上午10:50:58。
几何形函数: 二次拉格朗日单元
在  上运行。
在以下位置使用 1 个插槽： Zifeng 上（共 8 个内核）。
可用内存：32.60 GB。
           当前进度:   0 % - 编译方程: 稳态
在  上运行。
在以下位置使用 1 个插槽： Zifeng 上（共 8 个内核）。
可用内存：32.60 GB。
           当前进度:   5 % - 编译方程: 稳态
时间：1。
物理内存: 1.33 GB
虚拟内存: 1.71 GB
结束时间：2026年9月11日 上午10:50:59。
----- 研究 69/解 69 (sol69) 中的“编译方程: 稳态” ----------------------------------------->
<---- 研究 69/解 69 (sol69) 中的“因变量 1” ---------------------------------------------
开始于 2026年9月11日 上午10:50:59。
           当前进度:   5 % - 因变量 1
求解时间：0 s。
物理内存: 1.33 GB
虚拟内存: 1.71 GB
结束时间：2026年9月11日 上午10:50:59。
----- 研究 69/解 69 (sol69) 中的“因变量 1” -------------------------------------------->
<---- 研究 69/解 69 (sol69) 中的“稳态求解器 1” -------------------------------------------
开始于 2026年9月11日 上午10:50:59。
线性求解器
求解的自由度数：81768。
找到对称矩阵。
缩放因变量：
磁标势 (comp1.Vm): 1
已使用正交零空间函数。
---        当前进度:  36 % - 矩阵分解
Memory: 1415/1780 1819/2282
----       当前进度:  48 % - 矩阵分解
Memory: 1591/1780 2243/2282
-------    当前进度:  75 % - 矩阵分解
Memory: 1700/1780 2243/2282
--------   当前进度:  85 % - 矩阵分解
Memory: 1752/1780 2243/2282
---------  当前进度:  90 % - 矩阵分解
Memory: 1773/1780 2243/2282
Iter      SolEst     Damping    Stepsize #Res #Jac #Sol   LinErr   LinRes
   1        0.96   1.0000000        0.96    1    1    1  4.7e-12  1.8e-14
---------- 当前进度: 100 % - 求解线性方程组
Memory: 1367/1780 1747/2282
求解时间：2 s。
物理内存: 1.77 GB
虚拟内存: 2.24 GB
结束时间：2026年9月11日 上午10:51:01。
----- 研究 69/解 69 (sol69) 中的“稳态求解器 1” ------------------------------------------>
           当前进度:   0 % - 
Memory: 1333/1780 1710/2282
<---- 研究 70/解 70 (sol70) 中的“编译方程: 稳态” ------------------------------------------
开始于 2026年9月11日 上午10:51:04。
几何形函数: 二次拉格朗日单元
在  上运行。
在以下位置使用 1 个插槽： Zifeng 上（共 8 个内核）。
可用内存：32.60 GB。
           当前进度:   0 % - 编译方程: 稳态
在  上运行。
在以下位置使用 1 个插槽： Zifeng 上（共 8 个内核）。
可用内存：32.60 GB。
           当前进度:   5 % - 编译方程: 稳态
时间：1。
物理内存: 1.33 GB
虚拟内存: 1.71 GB
结束时间：2026年9月11日 上午10:51:05。
----- 研究 70/解 70 (sol70) 中的“编译方程: 稳态” ----------------------------------------->
<---- 研究 70/解 70 (sol70) 中的“因变量 1” ---------------------------------------------
开始于 2026年9月11日 上午10:51:05。
           当前进度:   5 % - 因变量 1
求解时间：0 s。
物理内存: 1.33 GB
虚拟内存: 1.71 GB
结束时间：2026年9月11日 上午10:51:05。
----- 研究 70/解 70 (sol70) 中的“因变量 1” -------------------------------------------->
<---- 研究 70/解 70 (sol70) 中的“稳态求解器 1” -------------------------------------------
开始于 2026年9月11日 上午10:51:05。
线性求解器
求解的自由度数：81768。
找到对称矩阵。
缩放因变量：
磁标势 (comp1.Vm): 1
已使用正交零空间函数。
---        当前进度:  36 % - 矩阵分解
Memory: 1435/1780 1846/2282
-----      当前进度:  53 % - 矩阵分解
Memory: 1579/1780 2244/2282
------     当前进度:  69 % - 矩阵分解
Memory: 1672/1780 2244/2282
--------   当前进度:  81 % - 矩阵分解
Memory: 1733/1780 2244/2282
--------   当前进度:  87 % - 矩阵分解
Memory: 1768/1780 2244/2282
Iter      SolEst     Damping    Stepsize #Res #Jac #Sol   LinErr   LinRes
   1        0.96   1.0000000        0.96    1    1    1  3.6e-11  1.8e-14
---------- 当前进度: 100 % - 求解线性方程组
Memory: 1650/1780 2043/2282
求解时间：2 s。
物理内存: 1.77 GB
虚拟内存: 2.24 GB
结束时间：2026年9月11日 上午10:51:07。
----- 研究 70/解 70 (sol70) 中的“稳态求解器 1” ------------------------------------------>
           当前进度:   0 % - 
Memory: 1333/1780 1710/2282
<---- 研究 71/解 71 (sol71) 中的“编译方程: 稳态” ------------------------------------------
开始于 2026年9月11日 上午10:51:10。
几何形函数: 二次拉格朗日单元
在  上运行。
在以下位置使用 1 个插槽： Zifeng 上（共 8 个内核）。
可用内存：32.60 GB。
           当前进度:   0 % - 编译方程: 稳态
在  上运行。
在以下位置使用 1 个插槽： Zifeng 上（共 8 个内核）。
可用内存：32.60 GB。
           当前进度:   5 % - 编译方程: 稳态
Memory: 1334/1780 1710/2282
时间：1。
物理内存: 1.33 GB
虚拟内存: 1.71 GB
结束时间：2026年9月11日 上午10:51:11。
----- 研究 71/解 71 (sol71) 中的“编译方程: 稳态” ----------------------------------------->
<---- 研究 71/解 71 (sol71) 中的“因变量 1” ---------------------------------------------
开始于 2026年9月11日 上午10:51:11。
           当前进度:   5 % - 因变量 1
求解时间：0 s。
物理内存: 1.33 GB
虚拟内存: 1.71 GB
结束时间：2026年9月11日 上午10:51:11。
----- 研究 71/解 71 (sol71) 中的“因变量 1” -------------------------------------------->
<---- 研究 71/解 71 (sol71) 中的“稳态求解器 1” -------------------------------------------
开始于 2026年9月11日 上午10:51:11。
线性求解器
求解的自由度数：81768。
找到对称矩阵。
缩放因变量：
磁标势 (comp1.Vm): 1
已使用正交零空间函数。
---        当前进度:  36 % - 矩阵分解
Memory: 1466/1780 1845/2282
-----      当前进度:  59 % - 矩阵分解
Memory: 1615/1780 2245/2282
-------    当前进度:  77 % - 矩阵分解
Memory: 1706/1780 2245/2282
--------   当前进度:  84 % - 矩阵分解
Memory: 1755/1780 2245/2282
--------   当前进度:  89 % - 矩阵分解
Memory: 1775/1780 2245/2282
Iter      SolEst     Damping    Stepsize #Res #Jac #Sol   LinErr   LinRes
   1        0.96   1.0000000        0.96    1    1    1  2.6e-11  1.8e-14
---------- 当前进度: 100 % - 求解线性方程组
Memory: 1353/1782 1732/2282
求解时间：2 s。
物理内存: 1.78 GB
虚拟内存: 2.24 GB
结束时间：2026年9月11日 上午10:51:13。
----- 研究 71/解 71 (sol71) 中的“稳态求解器 1” ------------------------------------------>
           当前进度:   0 % - 
Memory: 1336/1782 1712/2282
<---- 研究 72/解 72 (sol72) 中的“编译方程: 稳态” ------------------------------------------
开始于 2026年9月11日 上午10:51:17。
几何形函数: 二次拉格朗日单元
在  上运行。
在以下位置使用 1 个插槽： Zifeng 上（共 8 个内核）。
可用内存：32.60 GB。
           当前进度:   0 % - 编译方程: 稳态
Memory: 1336/1782 1715/2282
在  上运行。
在以下位置使用 1 个插槽： Zifeng 上（共 8 个内核）。
可用内存：32.60 GB。
           当前进度:   5 % - 编译方程: 稳态
Memory: 1336/1782 1713/2282
时间：1。
物理内存: 1.34 GB
虚拟内存: 1.72 GB
结束时间：2026年9月11日 上午10:51:17。
----- 研究 72/解 72 (sol72) 中的“编译方程: 稳态” ----------------------------------------->
<---- 研究 72/解 72 (sol72) 中的“因变量 1” ---------------------------------------------
开始于 2026年9月11日 上午10:51:17。
           当前进度:   5 % - 因变量 1
求解时间：0 s。
物理内存: 1.34 GB
虚拟内存: 1.71 GB
结束时间：2026年9月11日 上午10:51:17。
----- 研究 72/解 72 (sol72) 中的“因变量 1” -------------------------------------------->
<---- 研究 72/解 72 (sol72) 中的“稳态求解器 1” -------------------------------------------
开始于 2026年9月11日 上午10:51:17。
线性求解器
求解的自由度数：81768。
找到对称矩阵。
缩放因变量：
磁标势 (comp1.Vm): 1
已使用正交零空间函数。
---        当前进度:  36 % - 矩阵分解
Memory: 1451/1782 1846/2282
-----      当前进度:  53 % - 矩阵分解
Memory: 1579/1782 2245/2282
-------    当前进度:  72 % - 矩阵分解
Memory: 1688/1782 2245/2282
--------   当前进度:  83 % - 矩阵分解
Memory: 1744/1782 2245/2282
--------   当前进度:  88 % - 矩阵分解
Memory: 1771/1782 2245/2282
Iter      SolEst     Damping    Stepsize #Res #Jac #Sol   LinErr   LinRes
   1        0.96   1.0000000        0.96    1    1    1  5.7e-12  1.8e-14
---------- 当前进度: 100 % - 求解线性方程组
Memory: 1777/1782 2245/2282
求解时间：3 s。
物理内存: 1.78 GB
虚拟内存: 2.24 GB
结束时间：2026年9月11日 上午10:51:20。
----- 研究 72/解 72 (sol72) 中的“稳态求解器 1” ------------------------------------------>
           当前进度:   0 % - 
Memory: 1290/1782 1666/2282
<---- 研究 73/解 73 (sol73) 中的“编译方程: 稳态” ------------------------------------------
开始于 2026年9月11日 上午10:51:23。
几何形函数: 二次拉格朗日单元
在  上运行。
在以下位置使用 1 个插槽： Zifeng 上（共 8 个内核）。
可用内存：32.60 GB。
           当前进度:   0 % - 编译方程: 稳态
Memory: 1290/1782 1667/2282
在  上运行。
在以下位置使用 1 个插槽： Zifeng 上（共 8 个内核）。
可用内存：32.60 GB。
           当前进度:   5 % - 编译方程: 稳态
Memory: 1296/1782 1673/2282
时间：1。
物理内存: 1.3 GB
虚拟内存: 1.67 GB
结束时间：2026年9月11日 上午10:51:24。
----- 研究 73/解 73 (sol73) 中的“编译方程: 稳态” ----------------------------------------->
<---- 研究 73/解 73 (sol73) 中的“因变量 1” ---------------------------------------------
开始于 2026年9月11日 上午10:51:24。
           当前进度:   5 % - 因变量 1
求解时间：0 s。
物理内存: 1.3 GB
虚拟内存: 1.67 GB
结束时间：2026年9月11日 上午10:51:24。
----- 研究 73/解 73 (sol73) 中的“因变量 1” -------------------------------------------->
<---- 研究 73/解 73 (sol73) 中的“稳态求解器 1” -------------------------------------------
开始于 2026年9月11日 上午10:51:24。
线性求解器
求解的自由度数：81768。
找到对称矩阵。
缩放因变量：
磁标势 (comp1.Vm): 1
已使用正交零空间函数。
---        当前进度:  36 % - 矩阵分解
Memory: 1361/1782 1742/2282
-----      当前进度:  50 % - 矩阵分解
Memory: 1545/1782 2233/2282
------     当前进度:  66 % - 矩阵分解
Memory: 1645/1782 2233/2282
-------    当前进度:  78 % - 矩阵分解
Memory: 1713/1782 2233/2282
--------   当前进度:  88 % - 矩阵分解
Memory: 1754/1782 2233/2282
---------  当前进度:  90 % - 矩阵分解
Memory: 1765/1782 2233/2282
Iter      SolEst     Damping    Stepsize #Res #Jac #Sol   LinErr   LinRes
   1        0.96   1.0000000        0.96    1    1    1  1.5e-13  1.8e-14
---------- 当前进度: 100 % - 求解线性方程组
Memory: 1355/1782 1734/2282
求解时间：2 s。
物理内存: 1.76 GB
虚拟内存: 2.23 GB
结束时间：2026年9月11日 上午10:51:26。
----- 研究 73/解 73 (sol73) 中的“稳态求解器 1” ------------------------------------------>
----       当前进度:  47 % - 生成方程
Memory: 1320/1782 1697/2282
---        当前进度:  39 % - 生成方程
<---- 研究 74/解 74 (sol74) 中的“编译方程: 稳态” ------------------------------------------
开始于 2026年9月11日 上午10:51:32。
几何形函数: 二次拉格朗日单元
在  上运行。
在以下位置使用 1 个插槽： Zifeng 上（共 8 个内核）。
可用内存：32.60 GB。
           当前进度:   0 % - 生成方程
在  上运行。
在以下位置使用 1 个插槽： Zifeng 上（共 8 个内核）。
可用内存：32.60 GB。
           当前进度:   5 % - 编译方程: 稳态
时间：1。
物理内存: 1.32 GB
虚拟内存: 1.7 GB
结束时间：2026年9月11日 上午10:51:33。
----- 研究 74/解 74 (sol74) 中的“编译方程: 稳态” ----------------------------------------->
<---- 研究 74/解 74 (sol74) 中的“因变量 1” ---------------------------------------------
开始于 2026年9月11日 上午10:51:33。
           当前进度:   5 % - 因变量 1
求解时间：0 s。
物理内存: 1.32 GB
虚拟内存: 1.7 GB
结束时间：2026年9月11日 上午10:51:33。
----- 研究 74/解 74 (sol74) 中的“因变量 1” -------------------------------------------->
<---- 研究 74/解 74 (sol74) 中的“稳态求解器 1” -------------------------------------------
开始于 2026年9月11日 上午10:51:33。
线性求解器
求解的自由度数：81768。
--         当前进度:  26 % - 组装矩阵
Memory: 1358/1782 1735/2282
找到对称矩阵。
缩放因变量：
磁标势 (comp1.Vm): 1
已使用正交零空间函数。
---        当前进度:  36 % - 矩阵分解
Memory: 1368/1782 1748/2282
---        当前进度:  37 % - 矩阵分解
Memory: 1482/1782 2235/2282
-----      当前进度:  52 % - 矩阵分解
Memory: 1560/1782 2235/2282
-----      当前进度:  59 % - 矩阵分解
Memory: 1605/1782 2235/2282
--------   当前进度:  82 % - 矩阵分解
Memory: 1734/1782 2236/2282
--------   当前进度:  85 % - 矩阵分解
Memory: 1750/1782 2236/2282
--------   当前进度:  88 % - 矩阵分解
Memory: 1761/1782 2236/2282
---------  当前进度:  90 % - 矩阵分解
Memory: 1767/1782 2236/2282
Iter      SolEst     Damping    Stepsize #Res #Jac #Sol   LinErr   LinRes
   1        0.96   1.0000000        0.96    1    1    1  1.2e-11  1.8e-14
---------- 当前进度: 100 % - 求解线性方程组
Memory: 1526/1782 2018/2282
求解时间：5 s。
物理内存: 1.77 GB
虚拟内存: 2.24 GB
结束时间：2026年9月11日 上午10:51:38。
----- 研究 74/解 74 (sol74) 中的“稳态求解器 1” ------------------------------------------>
----       当前进度:  47 % - 生成方程
Memory: 1325/1782 1703/2282
-----      当前进度:  54 % - 生成方程
<---- 研究 75/解 75 (sol75) 中的“编译方程: 稳态” ------------------------------------------
开始于 2026年9月11日 上午10:51:45。
几何形函数: 二次拉格朗日单元
在  上运行。
在以下位置使用 1 个插槽： Zifeng 上（共 8 个内核）。
可用内存：32.60 GB。
           当前进度:   0 % - 生成方程
Memory: 1326/1782 1703/2282
在  上运行。
在以下位置使用 1 个插槽： Zifeng 上（共 8 个内核）。
可用内存：32.60 GB。
           当前进度:   5 % - 编译方程: 稳态
时间：1。
物理内存: 1.33 GB
虚拟内存: 1.7 GB
结束时间：2026年9月11日 上午10:51:46。
----- 研究 75/解 75 (sol75) 中的“编译方程: 稳态” ----------------------------------------->
<---- 研究 75/解 75 (sol75) 中的“因变量 1” ---------------------------------------------
开始于 2026年9月11日 上午10:51:46。
           当前进度:   5 % - 因变量 1
求解时间：0 s。
物理内存: 1.33 GB
虚拟内存: 1.7 GB
结束时间：2026年9月11日 上午10:51:46。
----- 研究 75/解 75 (sol75) 中的“因变量 1” -------------------------------------------->
<---- 研究 75/解 75 (sol75) 中的“稳态求解器 1” -------------------------------------------
开始于 2026年9月11日 上午10:51:46。
线性求解器
求解的自由度数：81768。
--         当前进度:  22 % - 组装稀疏模式
Memory: 1365/1782 1746/2282
---        当前进度:  36 % - 组装矩阵
Memory: 1367/1782 1749/2282
找到对称矩阵。
缩放因变量：
磁标势 (comp1.Vm): 1
已使用正交零空间函数。
---        当前进度:  36 % - 矩阵分解
Memory: 1461/1782 1842/2282
-----      当前进度:  51 % - 矩阵分解
Memory: 1564/1782 2266/2282
-----      当前进度:  58 % - 矩阵分解
Memory: 1604/1782 2267/2282
------     当前进度:  61 % - 矩阵分解
Memory: 1660/1782 2267/2282
--------   当前进度:  81 % - 矩阵分解
Memory: 1733/1782 2267/2282
--------   当前进度:  85 % - 矩阵分解
Memory: 1752/1782 2267/2282
--------   当前进度:  87 % - 矩阵分解
Memory: 1768/1782 2267/2282
---------  当前进度:  90 % - 矩阵分解
Memory: 1777/1782 2267/2282
Iter      SolEst     Damping    Stepsize #Res #Jac #Sol   LinErr   LinRes
   1        0.96   1.0000000        0.96    1    1    1  2.6e-12  1.8e-14
---------- 当前进度: 100 % - 求解线性方程组
Memory: 1367/1782 1768/2282
求解时间：5 s。
物理内存: 1.78 GB
虚拟内存: 2.27 GB
结束时间：2026年9月11日 上午10:51:51。
----- 研究 75/解 75 (sol75) 中的“稳态求解器 1” ------------------------------------------>
----       当前进度:  47 % - 生成方程
Memory: 1372/1782 1770/2282
---        当前进度:  39 % - 生成方程
<---- 研究 76/解 76 (sol76) 中的“编译方程: 稳态” ------------------------------------------
开始于 2026年9月11日 上午10:51:59。
几何形函数: 二次拉格朗日单元
在  上运行。
在以下位置使用 1 个插槽： Zifeng 上（共 8 个内核）。
可用内存：32.60 GB。
           当前进度:   0 % - 生成方程
在  上运行。
在以下位置使用 1 个插槽： Zifeng 上（共 8 个内核）。
可用内存：32.60 GB。
           当前进度:   4 % - 编译方程: 稳态
Memory: 1396/1782 1797/2282
           当前进度:   5 % - 编译方程: 稳态
时间：1。
物理内存: 1.4 GB
虚拟内存: 1.8 GB
结束时间：2026年9月11日 上午10:52:00。
----- 研究 76/解 76 (sol76) 中的“编译方程: 稳态” ----------------------------------------->
<---- 研究 76/解 76 (sol76) 中的“因变量 1” ---------------------------------------------
开始于 2026年9月11日 上午10:52:00。
           当前进度:   5 % - 因变量 1
Memory: 1397/1782 1797/2282
求解时间：0 s。
物理内存: 1.4 GB
虚拟内存: 1.8 GB
结束时间：2026年9月11日 上午10:52:00。
----- 研究 76/解 76 (sol76) 中的“因变量 1” -------------------------------------------->
<---- 研究 76/解 76 (sol76) 中的“稳态求解器 1” -------------------------------------------
开始于 2026年9月11日 上午10:52:00。
线性求解器
求解的自由度数：81768。
--         当前进度:  24 % - 组装矩阵
Memory: 1431/1782 1833/2282
找到对称矩阵。
缩放因变量：
磁标势 (comp1.Vm): 1
已使用正交零空间函数。
---        当前进度:  36 % - 矩阵分解
Memory: 1423/1782 1825/2282
----       当前进度:  42 % - 矩阵分解
Memory: 1593/1782 2343/2343
-----      当前进度:  54 % - 矩阵分解
Memory: 1657/1782 2343/2343
-----      当前进度:  59 % - 矩阵分解
Memory: 1707/1782 2343/2343
-------    当前进度:  79 % - 矩阵分解
Memory: 1800/1800 2343/2343
--------   当前进度:  84 % - 矩阵分解
Memory: 1823/1823 2343/2343
--------   当前进度:  87 % - 矩阵分解
Memory: 1843/1843 2343/2343
---------  当前进度:  90 % - 矩阵分解
Memory: 1851/1851 2343/2343
Iter      SolEst     Damping    Stepsize #Res #Jac #Sol   LinErr   LinRes
   1           1   1.0000000           1    1    1    1  4.9e-11    4e-13
---------- 当前进度: 100 % - 求解线性方程组
Memory: 1446/1856 1849/2348
求解时间：4 s。
物理内存: 1.86 GB
虚拟内存: 2.35 GB
结束时间：2026年9月11日 上午10:52:05。
----- 研究 76/解 76 (sol76) 中的“稳态求解器 1” ------------------------------------------>
